CustomerName,City,EmployeeName,OrderID,OrderDate,ProductName,Unit,Price,Quantity,CategoryID,CategoryName,SupplierID,SupplierName,ShipperID,ShipperName
Fatemah Waleed Boyabes,Helsinki,Steven,10248,35250,Queso Cabrales,1 kg pkg.,21,12,4,Dairy Products,5,Cooperativa de Quesos 'Las Cabras',3,Fast Logistics Co
Fatemah Waleed Boyabes,Helsinki,Steven,10248,35250,Singaporean Hokkien Fried Mee,32 - 1 kg pkgs.,14,10,5,Grains/Cereals,20,Leka Trading,3,Fast Logistics Co
Fatemah Waleed Boyabes,Helsinki,Steven,10248,35250,Mozzarella di Giovanni,24 - 200 g pkgs.,34.8,5,4,Dairy Products,14,Formaggi Fortini s.r.l.,3,Fast Logistics Co
Rashid Ali Alshatti,Saeo Paulo,Michael,10249,35251,Tofu,40 - 100 g pkgs.,23.25,9,7,Fruits/Vegetables,6,Mayumi's,1,Al-Rashed
Rashid Ali Alshatti,Saeo Paulo,Michael,10249,35251,Manjimup Dried Apples,50 - 300 g pkgs.,53,40,7,Fruits/Vegetables,24,"G'day, Mate",1,Al-Rashed
Hend mohammed saqer,Rio de Janeiro,Margaret,10250,35254,Jack's New England Clam Chowder,12 - 12 oz cans,9.65,10,8,Seafood,19,New England Seafood Cannery,2,Alghanim Group
Hend mohammed saqer,Rio de Janeiro,Margaret,10250,35254,Manjimup Dried Apples,50 - 300 g pkgs.,53,35,7,Fruits/Vegetables,24,"G'day, Mate",2,Alghanim Group
Hend mohammed saqer,Rio de Janeiro,Margaret,10250,35254,Louisiana Fiery Hot Pepper Sauce,32 - 8 oz bottles,21.05,15,2,Spices,2,New Orleans Cajun Delights,2,Alghanim Group
Lina Adlouni,Lyon,Janet,10251,35254,Gusta,24 - 500 g pkgs.,21,6,5,Grains/Cereals,9,PB KnAB,1,Al-Rashed
Lina Adlouni,Lyon,Janet,10251,35254,Ravioli Angelo,24 - 250 g pkgs.,19.5,15,5,Grains/Cereals,26,Pasta Buttini s.r.l.,1,Al-Rashed
Lina Adlouni,Lyon,Janet,10251,35254,Louisiana Fiery Hot Pepper Sauce,32 - 8 oz bottles,21.05,20,2,Spices,2,New Orleans Cajun Delights,1,Al-Rashed
Dana Ahmad AlShammari,Charleroi,Margaret,10252,35255,Sir Rodney's Marmalade,30 gift boxes,81,40,3,Dessert,8,"Specialty Biscuits, Ltd.",2,Alghanim Group
Dana Ahmad AlShammari,Charleroi,Margaret,10252,35255,Geitost,500 g,2.5,25,4,Dairy Products,15,Norske Meierier,2,Alghanim Group
Dana Ahmad AlShammari,Charleroi,Margaret,10252,35255,Camembert Pierrot,15 - 300 g rounds,34,40,4,Dairy Products,28,Gai turage,2,Alghanim Group
Hend mohammed saqer,Rio de Janeiro,Janet,10253,35256,Gorgonzola Telino,12 - 100 g pkgs,12.5,20,4,Dairy Products,14,Formaggi Fortini s.r.l.,2,Alghanim Group
Hend mohammed saqer,Rio de Janeiro,Janet,10253,35256,Chartreuse verte,750 cc per bottle,18,42,1,Drinks,18,Aux joyeux,2,Alghanim Group
Hend mohammed saqer,Rio de Janeiro,Janet,10253,35256,Maxilaku,24 - 50 g pkgs.,20,40,3,Dessert,23,Karkki Oy,2,Alghanim Group
Abrar Bader Alammar,Bern,Steven,10254,35257,Guaran Fant,12 - 355 ml cans,4.5,15,1,Drinks,10,Refrescos Americanas LTDA,2,Alghanim Group
Abrar Bader Alammar,Bern,Steven,10254,35257,chinois,24 boxes x 2 pies,24,21,6,Meat,25,Ma Maison,2,Alghanim Group
Abrar Bader Alammar,Bern,Steven,10254,35257,Longlife Tofu,5 kg pkg.,10,21,7,Fruits/Vegetables,4,Tokyo Traders,2,Alghanim Group
Esraa Fadhel alhemedi,Genve,Anne,10255,35258,Chang,24 - 12 oz bottles,19,20,1,Drinks,1,Exotic Liquid,3,Fast Logistics Co
Esraa Fadhel alhemedi,Genve,Anne,10255,35258,Pavlova,32 - 500 g boxes,17.45,35,3,Dessert,7,"Pavlova, Ltd.",3,Fast Logistics Co
Esraa Fadhel alhemedi,Genve,Anne,10255,35258,Inlagd Sill,24 - 250 g jars,19,25,8,Seafood,17,Svensk  AB,3,Fast Logistics Co
Esraa Fadhel alhemedi,Genve,Anne,10255,35258,Raclette Courdavault,5 kg pkg.,55,30,4,Dairy Products,28,Gai turage,3,Fast Logistics Co
Fahad Ali Awad,Resende,Janet,10256,35261,Perth Pasties,48 pieces,32.8,15,6,Meat,24,"G'day, Mate",2,Alghanim Group
Fahad Ali Awad,Resende,Janet,10256,35261,Original Frankfurter,12 boxes,13,12,2,Spices,12,Plutzer Lebensmittelgro,2,Alghanim Group
Shaikha Sabti,San Cristabal,Margaret,10257,35262,Schoggi Schokolade,100 - 100 g pieces,43.9,25,3,Dessert,11,Heli  GmbH & Co. KG,3,Fast Logistics Co
Shaikha Sabti,San Cristabal,Margaret,10257,35262,Chartreuse verte,750 cc per bottle,18,6,1,Drinks,18,Aux joyeux,3,Fast Logistics Co
Shaikha Sabti,San Cristabal,Margaret,10257,35262,Original Frankfurter,12 boxes,13,15,2,Spices,12,Plutzer Lebensmittelgro,3,Fast Logistics Co
Esraa Fadhel Alhemedi,Graz,Nancy,10258,35263,Chang,24 - 12 oz bottles,19,50,1,Drinks,1,Exotic Liquid,1,Al-Rashed
Esraa Fadhel Alhemedi,Graz,Nancy,10258,35263,Chef Anton's Gumbo Mix,36 boxes,21.35,65,2,Spices,2,New Orleans Cajun Delights,1,Al-Rashed
Esraa Fadhel Alhemedi,Graz,Nancy,10258,35263,Mascarpone Fabioli,24 - 200 g pkgs.,32,6,4,Dairy Products,14,Formaggi Fortini s.r.l.,1,Al-Rashed
Rayah Abduallah AlYaseen,Maxico,Margaret,10259,35264,Sir Rodney's Scones,24 pkgs. x 4 pieces,10,10,3,Dessert,8,"Specialty Biscuits, Ltd.",3,Fast Logistics Co
Rayah Abduallah AlYaseen,Maxico,Margaret,10259,35264,Gravad lax,12 - 500 g pkgs.,26,1,8,Seafood,17,Svensk  AB,3,Fast Logistics Co
Ali Odeh Elkhatib,Anchorage,Margaret,10260,35265,Jack's New England Clam Chowder,12 - 12 oz cans,9.65,16,8,Seafood,19,New England Seafood Cannery,1,Al-Rashed
Ali Odeh Elkhatib,Anchorage,Margaret,10260,35265,Ravioli Angelo,24 - 250 g pkgs.,19.5,50,5,Grains/Cereals,26,Pasta Buttini s.r.l.,1,Al-Rashed
Ali Odeh Elkhatib,Anchorage,Margaret,10260,35265,Tarte au sucre,48 pies,49.3,15,3,Dessert,29,Forrables,1,Al-Rashed
Ali Odeh Elkhatib,Anchorage,Margaret,10260,35265,Outback Lager,24 - 355 ml bottles,15,21,1,Drinks,7,"Pavlova, Ltd.",1,Al-Rashed
Abrar Bader Alammar,Rio de Janeiro,Margaret,10261,35265,Sir Rodney's Scones,24 pkgs. x 4 pieces,10,20,3,Dessert,8,"Specialty Biscuits, Ltd.",2,Alghanim Group
Abrar Bader Alammar,Rio de Janeiro,Margaret,10261,35265,Steeleye Stout,24 - 12 oz bottles,18,20,1,Drinks,16,Bigfoot Breweries,2,Alghanim Group
Noura sabah alfahad,Albuquerque,Laura,10262,35268,Chef Anton's Gumbo Mix,36 boxes,21.35,12,2,Spices,2,New Orleans Cajun Delights,3,Fast Logistics Co
Noura sabah alfahad,Albuquerque,Laura,10262,35268,Uncle Bob's Organic Dried Pears,12 - 1 lb pkgs.,30,15,7,Fruits/Vegetables,3,Grandma Kelly's Homestead,3,Fast Logistics Co
Noura sabah alfahad,Albuquerque,Laura,10262,35268,Gnocchi di nonna Alice,24 - 250 g pkgs.,38,2,5,Grains/Cereals,26,Pasta Buttini s.r.l.,3,Fast Logistics Co
Esraa Fadhel Alhemedi,Graz,Anne,10263,35269,Pavlova,32 - 500 g boxes,17.45,60,3,Dessert,7,"Pavlova, Ltd.",3,Fast Logistics Co
Esraa Fadhel Alhemedi,Graz,Anne,10263,35269,Guaran Fant,12 - 355 ml cans,4.5,28,1,Drinks,10,Refrescos Americanas LTDA,3,Fast Logistics Co
Esraa Fadhel Alhemedi,Graz,Anne,10263,35269,Nord-Ost Matjeshering,10 - 200 g glasses,25.89,60,8,Seafood,13,Nord-Ost-Fisch Handelsgesellschaft mbH,3,Fast Logistics Co
Esraa Fadhel Alhemedi,Graz,Anne,10263,35269,Longlife Tofu,5 kg pkg.,10,36,7,Fruits/Vegetables,4,Tokyo Traders,3,Fast Logistics Co
Sarah mishaal albaker ,Bracke,Michael,10264,35270,Chang,24 - 12 oz bottles,19,35,1,Drinks,1,Exotic Liquid,3,Fast Logistics Co
Sarah mishaal albaker ,Bracke,Michael,10264,35270,Jack's New England Clam Chowder,12 - 12 oz cans,9.65,25,8,Seafood,19,New England Seafood Cannery,3,Fast Logistics Co
Omer Ali,Strasbourg,Andrew,10265,35271,Alice Mutton,20 - 1 kg tins,39,30,6,Meat,7,"Pavlova, Ltd.",1,Al-Rashed
Omer Ali,Strasbourg,Andrew,10265,35271,Outback Lager,24 - 355 ml bottles,15,20,1,Drinks,7,"Pavlova, Ltd.",1,Al-Rashed
Shaikhah Rasheed Alajmi,Oulu,Janet,10266,35272,Queso Manchego La Pastora,10 - 500 g pkgs.,38,12,4,Dairy Products,5,Cooperativa de Quesos 'Las Cabras',3,Fast Logistics Co
Laila Tawfeeq Alqattan,Munchen,Margaret,10267,35275,Boston Crab Meat,24 - 4 oz tins,18.4,50,8,Seafood,19,New England Seafood Cannery,1,Al-Rashed
Laila Tawfeeq Alqattan,Munchen,Margaret,10267,35275,Raclette Courdavault,5 kg pkg.,55,70,4,Dairy Products,28,Gai turage,1,Al-Rashed
Laila Tawfeeq Alqattan,Munchen,Margaret,10267,35275,Lakkaliri,500 ml,18,15,1,Drinks,23,Karkki Oy,1,Al-Rashed
Ali Odeh Elkhatib ,Caracas,Laura,10268,35276,Thringer Rostbratwurst,50 bags x 30 sausgs.,123.79,10,6,Meat,12,Plutzer Lebensmittelgro,3,Fast Logistics Co
Ali Odeh Elkhatib ,Caracas,Laura,10268,35276,Mozzarella di Giovanni,24 - 200 g pkgs.,34.8,4,4,Dairy Products,14,Formaggi Fortini s.r.l.,3,Fast Logistics Co
Hesham Shahin Ibrahim,Seattle,Steven,10269,35277,Geitost,500 g,2.5,60,4,Dairy Products,15,Norske Meierier,1,Al-Rashed
Hesham Shahin Ibrahim,Seattle,Steven,10269,35277,Mozzarella di Giovanni,24 - 200 g pkgs.,34.8,20,4,Dairy Products,14,Formaggi Fortini s.r.l.,1,Al-Rashed
Shaikhah Rasheed Alajmi,Oulu,Nancy,10270,35278,Inlagd Sill,24 - 250 g jars,19,30,8,Seafood,17,Svensk  AB,1,Al-Rashed
Shaikhah Rasheed Alajmi,Oulu,Nancy,10270,35278,Ipoh Coffee,16 - 500 g tins,46,25,1,Drinks,20,Leka Trading,1,Al-Rashed
Hanaa Rushood AlRushood,Lander,Michael,10271,35278,Geitost,500 g,2.5,24,4,Dairy Products,15,Norske Meierier,2,Alghanim Group
Noura sabah alfahad,Albuquerque,Michael,10272,35279,Sir Rodney's Marmalade,30 gift boxes,81,6,3,Dessert,8,"Specialty Biscuits, Ltd.",2,Alghanim Group
Noura sabah alfahad,Albuquerque,Michael,10272,35279,Gorgonzola Telino,12 - 100 g pkgs,12.5,40,4,Dairy Products,14,Formaggi Fortini s.r.l.,2,Alghanim Group
Noura sabah alfahad,Albuquerque,Michael,10272,35279,Mozzarella di Giovanni,24 - 200 g pkgs.,34.8,24,4,Dairy Products,14,Formaggi Fortini s.r.l.,2,Alghanim Group
Abdulla AL-Rashidi,Cunewalde,Janet,10273,35282,Ikura,12 - 200 ml jars,31,24,8,Seafood,4,Tokyo Traders,3,Fast Logistics Co
Abdulla AL-Rashidi,Cunewalde,Janet,10273,35282,Gorgonzola Telino,12 - 100 g pkgs,12.5,15,4,Dairy Products,14,Formaggi Fortini s.r.l.,3,Fast Logistics Co
Abdulla AL-Rashidi,Cunewalde,Janet,10273,35282,Geitost,500 g,2.5,20,4,Dairy Products,15,Norske Meierier,3,Fast Logistics Co
Abdulla AL-Rashidi,Cunewalde,Janet,10273,35282,Boston Crab Meat,24 - 4 oz tins,18.4,60,8,Seafood,19,New England Seafood Cannery,3,Fast Logistics Co
Abdulla AL-Rashidi,Cunewalde,Janet,10273,35282,Lakkaliri,500 ml,18,33,1,Drinks,23,Karkki Oy,3,Fast Logistics Co
Omer Salem,Reims,Michael,10274,35283,Fltemysost,10 - 500 g pkgs.,21.5,20,4,Dairy Products,15,Norske Meierier,1,Al-Rashed
Omer Salem,Reims,Michael,10274,35283,Mozzarella di Giovanni,24 - 200 g pkgs.,34.8,7,4,Dairy Products,14,Formaggi Fortini s.r.l.,1,Al-Rashed
Fatma Salah Alwael,Bergamo,Nancy,10275,35284,Guaran Fant,12 - 355 ml cans,4.5,12,1,Drinks,10,Refrescos Americanas LTDA,1,Al-Rashed
Fatma Salah Alwael,Bergamo,Nancy,10275,35284,Raclette Courdavault,5 kg pkg.,55,6,4,Dairy Products,28,Gai turage,1,Al-Rashed
Reham Reda Mostafa,Maxico,Laura,10276,35285,Ikura,12 - 200 ml jars,31,15,8,Seafood,4,Tokyo Traders,3,Fast Logistics Co
Reham Reda Mostafa,Maxico,Laura,10276,35285,Konbu,2 kg box,6,10,8,Seafood,6,Mayumi's,3,Fast Logistics Co
Sarah Fouzi Alkhamees,Leipzig,Andrew,10277,35286,Rssle Sauerkraut,25 - 825 g cans,45.6,20,7,Fruits/Vegetables,12,Plutzer Lebensmittelgro,3,Fast Logistics Co
Sarah Fouzi Alkhamees,Leipzig,Andrew,10277,35286,Tarte au sucre,48 pies,49.3,12,3,Dessert,29,Forrables,3,Fast Logistics Co
Hashem Jassim Mousa,Luleay,Laura,10278,35289,Gula Malacca,20 - 2 kg bags,19.45,16,2,Spices,20,Leka Trading,2,Alghanim Group
Hashem Jassim Mousa,Luleay,Laura,10278,35289,Raclette Courdavault,5 kg pkg.,55,15,4,Dairy Products,28,Gai turage,2,Alghanim Group
Hashem Jassim Mousa,Luleay,Laura,10278,35289,Vegie-spread,15 - 625 g jars,43.9,8,2,Spices,7,"Pavlova, Ltd.",2,Alghanim Group
Hashem Jassim Mousa,Luleay,Laura,10278,35289,Rd Kaviar,24 - 150 g jars,15,25,8,Seafood,17,Svensk  AB,2,Alghanim Group
LAILA EID ALMUTAIRI ,Frankfurt a.M.,Laura,10279,35290,Alice Mutton,20 - 1 kg tins,39,15,6,Meat,7,"Pavlova, Ltd.",2,Alghanim Group
Hashem Jassim Mousa,Luleay,Andrew,10280,35291,Guaran Fant,12 - 355 ml cans,4.5,12,1,Drinks,10,Refrescos Americanas LTDA,1,Al-Rashed
Hashem Jassim Mousa,Luleay,Andrew,10280,35291,chinois,24 boxes x 2 pies,24,20,6,Meat,25,Ma Maison,1,Al-Rashed
Hashem Jassim Mousa,Luleay,Andrew,10280,35291,Rhu Klosterbier,24 - 0.5 l bottles,7.75,30,1,Drinks,12,Plutzer Lebensmittelgro,1,Al-Rashed
Loulwa Saud AlShoumer,Madrid,Margaret,10281,35291,Teatime Chocolate Biscuits,10 boxes x 12 pieces,9.2,1,3,Dessert,8,"Specialty Biscuits, Ltd.",1,Al-Rashed
Loulwa Saud AlShoumer,Madrid,Margaret,10281,35291,Guaran Fant,12 - 355 ml cans,4.5,6,1,Drinks,10,Refrescos Americanas LTDA,1,Al-Rashed
Loulwa Saud AlShoumer,Madrid,Margaret,10281,35291,Steeleye Stout,24 - 12 oz bottles,18,4,1,Drinks,16,Bigfoot Breweries,1,Al-Rashed
Loulwa Saud AlShoumer,Madrid,Margaret,10282,35292,Nord-Ost Matjeshering,10 - 200 g glasses,25.89,6,8,Seafood,13,Nord-Ost-Fisch Handelsgesellschaft mbH,1,Al-Rashed
Loulwa Saud AlShoumer,Madrid,Margaret,10282,35292,Ravioli Angelo,24 - 250 g pkgs.,19.5,2,5,Grains/Cereals,26,Pasta Buttini s.r.l.,1,Al-Rashed
Ahmad Ebrahim AlMutawa,Barquisimeto,Janet,10283,35293,Genen Shouyu,24 - 250 ml bottles,15.5,20,2,Spices,6,Mayumi's,3,Fast Logistics Co
Ahmad Ebrahim AlMutawa,Barquisimeto,Janet,10283,35293,Teatime Chocolate Biscuits,10 boxes x 12 pieces,9.2,18,3,Dessert,8,"Specialty Biscuits, Ltd.",3,Fast Logistics Co
Ahmad Ebrahim AlMutawa,Barquisimeto,Janet,10283,35293,Camembert Pierrot,15 - 300 g rounds,34,35,4,Dairy Products,28,Gai turage,3,Fast Logistics Co
Ahmad Ebrahim AlMutawa,Barquisimeto,Janet,10283,35293,Mozzarella di Giovanni,24 - 200 g pkgs.,34.8,3,4,Dairy Products,14,Formaggi Fortini s.r.l.,3,Fast Logistics Co
LAILA EID ALMUTAIRI ,Frankfurt a.M.,Margaret,10284,35296,Schoggi Schokolade,100 - 100 g pieces,43.9,15,3,Dessert,11,Heli  GmbH & Co. KG,1,Al-Rashed
LAILA EID ALMUTAIRI ,Frankfurt a.M.,Margaret,10284,35296,Gula Malacca,20 - 2 kg bags,19.45,21,2,Spices,20,Leka Trading,1,Al-Rashed
LAILA EID ALMUTAIRI ,Frankfurt a.M.,Margaret,10284,35296,Camembert Pierrot,15 - 300 g rounds,34,20,4,Dairy Products,28,Gai turage,1,Al-Rashed
LAILA EID ALMUTAIRI ,Frankfurt a.M.,Margaret,10284,35296,Laughing Lumberjack Lager,24 - 12 oz bottles,14,5,1,Drinks,16,Bigfoot Breweries,1,Al-Rashed
Abdulla AL-Rashidi,Cunewalde,Nancy,10285,35297,Chais,10 boxes x 20 bags,18,45,1,Drinks,1,Exotic Liquid,2,Alghanim Group
Abdulla AL-Rashidi,Cunewalde,Nancy,10285,35297,Boston Crab Meat,24 - 4 oz tins,18.4,40,8,Seafood,19,New England Seafood Cannery,2,Alghanim Group
Abdulla AL-Rashidi,Cunewalde,Nancy,10285,35297,Perth Pasties,48 pieces,32.8,36,6,Meat,24,"G'day, Mate",2,Alghanim Group
Abdulla AL-Rashidi,Cunewalde,Laura,10286,35298,Steeleye Stout,24 - 12 oz bottles,18,100,1,Drinks,16,Bigfoot Breweries,3,Fast Logistics Co
Abdulla AL-Rashidi,Cunewalde,Laura,10286,35298,Tarte au sucre,48 pies,49.3,40,3,Dessert,29,Forrables,3,Fast Logistics Co
Hanadi saad alhamthan,Rio de Janeiro,Laura,10287,35299,Pavlova,32 - 500 g boxes,17.45,40,3,Dessert,7,"Pavlova, Ltd.",3,Fast Logistics Co
Hanadi saad alhamthan,Rio de Janeiro,Laura,10287,35299,Sasquatch Ale,24 - 12 oz bottles,14,20,1,Drinks,16,Bigfoot Breweries,3,Fast Logistics Co
Hanadi saad alhamthan,Rio de Janeiro,Laura,10287,35299,Spegesild,4 - 450 g glasses,12,15,8,Seafood,21,Lyngbysild,3,Fast Logistics Co
Fatmah Saleh Alhammadi,Reggio Emilia,Margaret,10288,35300,Tourtire,16 pies,7.45,10,6,Meat,25,Ma Maison,1,Al-Rashed
Fatmah Saleh Alhammadi,Reggio Emilia,Margaret,10288,35300,Scottish Longbreads,10 boxes x 8 pieces,12.5,3,3,Dessert,8,"Specialty Biscuits, Ltd.",1,Al-Rashed
Reham Reda Mostafa,London,Robert,10289,35303,Aniseed Syrup,12 - 550 ml bottles,10,30,2,Spices,1,Exotic Liquid,3,Fast Logistics Co
Reham Reda Mostafa,London,Robert,10289,35303,Wimmers gute Semmelkndel,20 bags x 4 pieces,33.25,9,5,Grains/Cereals,12,Plutzer Lebensmittelgro,3,Fast Logistics Co
Njood Abdullah Alsaqhan ,Saeo Paulo,Laura,10290,35304,Chef Anton's Gumbo Mix,36 boxes,21.35,20,2,Spices,2,New Orleans Cajun Delights,1,Al-Rashed
Njood Abdullah Alsaqhan ,Saeo Paulo,Laura,10290,35304,Thringer Rostbratwurst,50 bags x 30 sausgs.,123.79,15,6,Meat,12,Plutzer Lebensmittelgro,1,Al-Rashed
Njood Abdullah Alsaqhan ,Saeo Paulo,Laura,10290,35304,Maxilaku,24 - 50 g pkgs.,20,15,3,Dessert,23,Karkki Oy,1,Al-Rashed
Njood Abdullah Alsaqhan ,Saeo Paulo,Laura,10290,35304,Original Frankfurter,12 boxes,13,10,2,Spices,12,Plutzer Lebensmittelgro,1,Al-Rashed
Abrar Bader Alammar,Rio de Janeiro,Michael,10291,35304,Konbu,2 kg box,6,20,8,Seafood,6,Mayumi's,2,Alghanim Group
Abrar Bader Alammar,Rio de Janeiro,Michael,10291,35304,Gula Malacca,20 - 2 kg bags,19.45,24,2,Spices,20,Leka Trading,2,Alghanim Group
Abrar Bader Alammar,Rio de Janeiro,Michael,10291,35304,Manjimup Dried Apples,50 - 300 g pkgs.,53,2,7,Fruits/Vegetables,24,"G'day, Mate",2,Alghanim Group
Rashid Ali Alshatti,Saeo Paulo,Nancy,10292,35305,Sir Rodney's Marmalade,30 gift boxes,81,20,3,Dessert,8,"Specialty Biscuits, Ltd.",2,Alghanim Group
Reham Reda Mostafa,Maxico,Nancy,10293,35306,Carnarvon Tigers,16 kg pkg.,62.5,12,8,Seafood,7,"Pavlova, Ltd.",3,Fast Logistics Co
Reham Reda Mostafa,Maxico,Nancy,10293,35306,Guaran Fant,12 - 355 ml cans,4.5,10,1,Drinks,10,Refrescos Americanas LTDA,3,Fast Logistics Co
Reham Reda Mostafa,Maxico,Nancy,10293,35306,Vegie-spread,15 - 625 g jars,43.9,5,2,Spices,7,"Pavlova, Ltd.",3,Fast Logistics Co
Reham Reda Mostafa,Maxico,Nancy,10293,35306,Rhu Klosterbier,24 - 0.5 l bottles,7.75,6,1,Drinks,12,Plutzer Lebensmittelgro,3,Fast Logistics Co
Noura sabah alfahad,Albuquerque,Margaret,10294,35307,Chais,10 boxes x 20 bags,18,18,1,Drinks,1,Exotic Liquid,2,Alghanim Group
Noura sabah alfahad,Albuquerque,Margaret,10294,35307,Alice Mutton,20 - 1 kg tins,39,15,6,Meat,7,"Pavlova, Ltd.",2,Alghanim Group
Noura sabah alfahad,Albuquerque,Margaret,10294,35307,Ipoh Coffee,16 - 500 g tins,46,15,1,Drinks,20,Leka Trading,2,Alghanim Group
Noura sabah alfahad,Albuquerque,Margaret,10294,35307,Camembert Pierrot,15 - 300 g rounds,34,21,4,Dairy Products,28,Gai turage,2,Alghanim Group
Noura sabah alfahad,Albuquerque,Margaret,10294,35307,Rhu Klosterbier,24 - 0.5 l bottles,7.75,6,1,Drinks,12,Plutzer Lebensmittelgro,2,Alghanim Group
Omer Salem,Reims,Andrew,10295,35310,Gnocchi di nonna Alice,24 - 250 g pkgs.,38,4,5,Grains/Cereals,26,Pasta Buttini s.r.l.,2,Alghanim Group
Ahmad Ebrahim AlMutawa,Barquisimeto,Michael,10296,35311,Queso Cabrales,1 kg pkg.,21,12,4,Dairy Products,5,Cooperativa de Quesos 'Las Cabras',1,Al-Rashed
Ahmad Ebrahim AlMutawa,Barquisimeto,Michael,10296,35311,Pavlova,32 - 500 g boxes,17.45,30,3,Dessert,7,"Pavlova, Ltd.",1,Al-Rashed
Ahmad Ebrahim AlMutawa,Barquisimeto,Michael,10296,35311,Gudbrandsdalsost,10 kg pkg.,36,15,4,Dairy Products,15,Norske Meierier,1,Al-Rashed
Omer Ali,Strasbourg,Steven,10297,35312,Chartreuse verte,750 cc per bottle,18,60,1,Drinks,18,Aux joyeux,2,Alghanim Group
Omer Ali,Strasbourg,Steven,10297,35312,Mozzarella di Giovanni,24 - 200 g pkgs.,34.8,20,4,Dairy Products,14,Formaggi Fortini s.r.l.,2,Alghanim Group
Zeinab Mahmoud Ali rabea,Cork,Michael,10298,35313,Chang,24 - 12 oz bottles,19,40,1,Drinks,1,Exotic Liquid,2,Alghanim Group
Zeinab Mahmoud Ali rabea,Cork,Michael,10298,35313,Inlagd Sill,24 - 250 g jars,19,40,8,Seafood,17,Svensk  AB,2,Alghanim Group
Zeinab Mahmoud Ali rabea,Cork,Michael,10298,35313,Raclette Courdavault,5 kg pkg.,55,30,4,Dairy Products,28,Gai turage,2,Alghanim Group
Zeinab Mahmoud Ali rabea,Cork,Michael,10298,35313,Tarte au sucre,48 pies,49.3,15,3,Dessert,29,Forrables,2,Alghanim Group
Hanadi saad alhamthan,Rio de Janeiro,Margaret,10299,35314,Teatime Chocolate Biscuits,10 boxes x 12 pieces,9.2,15,3,Dessert,8,"Specialty Biscuits, Ltd.",2,Alghanim Group
Hanadi saad alhamthan,Rio de Janeiro,Margaret,10299,35314,Outback Lager,24 - 355 ml bottles,15,20,1,Drinks,7,"Pavlova, Ltd.",2,Alghanim Group
Fatma Salah Alwael,Bergamo,Andrew,10300,35317,Louisiana Hot Spiced Okra,24 - 8 oz jars,17,30,2,Spices,2,New Orleans Cajun Delights,2,Alghanim Group
Fatma Salah Alwael,Bergamo,Andrew,10300,35317,Scottish Longbreads,10 boxes x 8 pieces,12.5,20,3,Dessert,8,"Specialty Biscuits, Ltd.",2,Alghanim Group
Talal Mohammed Alenezi,Stuttgart,Laura,10301,35317,Boston Crab Meat,24 - 4 oz tins,18.4,10,8,Seafood,19,New England Seafood Cannery,2,Alghanim Group
Talal Mohammed Alenezi,Stuttgart,Laura,10301,35317,Gnocchi di nonna Alice,24 - 250 g pkgs.,38,20,5,Grains/Cereals,26,Pasta Buttini s.r.l.,2,Alghanim Group
Dana Ahmad AlShammari,Charleroi,Margaret,10302,35318,Alice Mutton,20 - 1 kg tins,39,40,6,Meat,7,"Pavlova, Ltd.",2,Alghanim Group
Dana Ahmad AlShammari,Charleroi,Margaret,10302,35318,Rssle Sauerkraut,25 - 825 g cans,45.6,28,7,Fruits/Vegetables,12,Plutzer Lebensmittelgro,2,Alghanim Group
Dana Ahmad AlShammari,Charleroi,Margaret,10302,35318,Ipoh Coffee,16 - 500 g tins,46,12,1,Drinks,20,Leka Trading,2,Alghanim Group
Tahani Essa Alloughani,Sevilla,Robert,10303,35319,Boston Crab Meat,24 - 4 oz tins,18.4,40,8,Seafood,19,New England Seafood Cannery,2,Alghanim Group
Tahani Essa Alloughani,Sevilla,Robert,10303,35319,Louisiana Fiery Hot Pepper Sauce,32 - 8 oz bottles,21.05,30,2,Spices,2,New Orleans Cajun Delights,2,Alghanim Group
Tahani Essa Alloughani,Sevilla,Robert,10303,35319,Scottish Longbreads,10 boxes x 8 pieces,12.5,15,3,Dessert,8,"Specialty Biscuits, Ltd.",2,Alghanim Group
Reham Reda Mostafa,Maxico,Nancy,10304,35320,Maxilaku,24 - 50 g pkgs.,20,30,3,Dessert,23,Karkki Oy,2,Alghanim Group
Reham Reda Mostafa,Maxico,Nancy,10304,35320,Raclette Courdavault,5 kg pkg.,55,10,4,Dairy Products,28,Gai turage,2,Alghanim Group
Reham Reda Mostafa,Maxico,Nancy,10304,35320,Fltemysost,10 - 500 g pkgs.,21.5,2,4,Dairy Products,15,Norske Meierier,2,Alghanim Group
Ali Odeh Elkhatib,Anchorage,Laura,10305,35321,Carnarvon Tigers,16 kg pkg.,62.5,25,8,Seafood,7,"Pavlova, Ltd.",3,Fast Logistics Co
Ali Odeh Elkhatib,Anchorage,Laura,10305,35321,Thringer Rostbratwurst,50 bags x 30 sausgs.,123.79,25,6,Meat,12,Plutzer Lebensmittelgro,3,Fast Logistics Co
Ali Odeh Elkhatib,Anchorage,Laura,10305,35321,Chartreuse verte,750 cc per bottle,18,30,1,Drinks,18,Aux joyeux,3,Fast Logistics Co
Loulwa Saud AlShoumer,Madrid,Nancy,10306,35324,Nord-Ost Matjeshering,10 - 200 g glasses,25.89,10,8,Seafood,13,Nord-Ost-Fisch Handelsgesellschaft mbH,3,Fast Logistics Co
Loulwa Saud AlShoumer,Madrid,Nancy,10306,35324,Perth Pasties,48 pieces,32.8,10,6,Meat,24,"G'day, Mate",3,Fast Logistics Co
Loulwa Saud AlShoumer,Madrid,Nancy,10306,35324,Tourtire,16 pies,7.45,5,6,Meat,25,Ma Maison,3,Fast Logistics Co
Mohammad Yousef Khatem,Portland,Andrew,10307,35325,Tarte au sucre,48 pies,49.3,10,3,Dessert,29,Forrables,2,Alghanim Group
Mohammad Yousef Khatem,Portland,Andrew,10307,35325,Scottish Longbreads,10 boxes x 8 pieces,12.5,3,3,Dessert,8,"Specialty Biscuits, Ltd.",2,Alghanim Group
Eng. Sundus Adel Hasan,Maxico,Robert,10308,35326,Gudbrandsdalsost,10 kg pkg.,36,1,4,Dairy Products,15,Norske Meierier,3,Fast Logistics Co
Eng. Sundus Adel Hasan,Maxico,Robert,10308,35326,Outback Lager,24 - 355 ml bottles,15,5,1,Drinks,7,"Pavlova, Ltd.",3,Fast Logistics Co
Zeinab Mahmoud Ali rabea,Cork,Janet,10309,35327,Chef Anton's Cajun Seasoning,48 - 6 oz jars,22,20,2,Spices,2,New Orleans Cajun Delights,1,Al-Rashed
Zeinab Mahmoud Ali rabea,Cork,Janet,10309,35327,Grandma's Boysenberry Spread,12 - 8 oz jars,25,30,2,Spices,3,Grandma Kelly's Homestead,1,Al-Rashed
Zeinab Mahmoud Ali rabea,Cork,Janet,10309,35327,Singaporean Hokkien Fried Mee,32 - 1 kg pkgs.,14,2,5,Grains/Cereals,20,Leka Trading,1,Al-Rashed
Zeinab Mahmoud Ali rabea,Cork,Janet,10309,35327,Ipoh Coffee,16 - 500 g tins,46,20,1,Drinks,20,Leka Trading,1,Al-Rashed
Zeinab Mahmoud Ali rabea,Cork,Janet,10309,35327,Fltemysost,10 - 500 g pkgs.,21.5,3,4,Dairy Products,15,Norske Meierier,1,Al-Rashed
Bedour Khelaif ALmutairi,Portland,Laura,10310,35328,Pavlova,32 - 500 g boxes,17.45,10,3,Dessert,7,"Pavlova, Ltd.",2,Alghanim Group
Bedour Khelaif ALmutairi,Portland,Laura,10310,35328,Tarte au sucre,48 pies,49.3,5,3,Dessert,29,Forrables,2,Alghanim Group
Mona Mohammad Alghayeb,Nantes,Nancy,10311,35328,Singaporean Hokkien Fried Mee,32 - 1 kg pkgs.,14,6,5,Grains/Cereals,20,Leka Trading,3,Fast Logistics Co
Mona Mohammad Alghayeb,Nantes,Nancy,10311,35328,Gudbrandsdalsost,10 kg pkg.,36,7,4,Dairy Products,15,Norske Meierier,3,Fast Logistics Co
Talal Mohammed Alenezi,Stuttgart,Andrew,10312,35331,Rssle Sauerkraut,25 - 825 g cans,45.6,4,7,Fruits/Vegetables,12,Plutzer Lebensmittelgro,2,Alghanim Group
Talal Mohammed Alenezi,Stuttgart,Andrew,10312,35331,Ipoh Coffee,16 - 500 g tins,46,24,1,Drinks,20,Leka Trading,2,Alghanim Group
Talal Mohammed Alenezi,Stuttgart,Andrew,10312,35331,Perth Pasties,48 pieces,32.8,20,6,Meat,24,"G'day, Mate",2,Alghanim Group
Talal Mohammed Alenezi,Stuttgart,Andrew,10312,35331,Rhu Klosterbier,24 - 0.5 l bottles,7.75,10,1,Drinks,12,Plutzer Lebensmittelgro,2,Alghanim Group
Abdulla AL-Rashidi,Cunewalde,Andrew,10313,35332,Inlagd Sill,24 - 250 g jars,19,12,8,Seafood,17,Svensk  AB,2,Alghanim Group
Noura sabah alfahad,Albuquerque,Nancy,10314,35333,Mascarpone Fabioli,24 - 200 g pkgs.,32,40,4,Dairy Products,14,Formaggi Fortini s.r.l.,2,Alghanim Group
Noura sabah alfahad,Albuquerque,Nancy,10314,35333,Escargots de Bourgogne,24 pieces,13.25,30,8,Seafood,27,Escargots Nouveaux,2,Alghanim Group
Noura sabah alfahad,Albuquerque,Nancy,10314,35333,Tarte au sucre,48 pies,49.3,25,3,Dessert,29,Forrables,2,Alghanim Group
Abeer Farouk ABD Al Azeem ,Cowes,Margaret,10315,35334,Sasquatch Ale,24 - 12 oz bottles,14,14,1,Drinks,16,Bigfoot Breweries,2,Alghanim Group
Abeer Farouk ABD Al Azeem ,Cowes,Margaret,10315,35334,Outback Lager,24 - 355 ml bottles,15,30,1,Drinks,7,"Pavlova, Ltd.",2,Alghanim Group
Noura sabah alfahad,Albuquerque,Nancy,10316,35335,Jack's New England Clam Chowder,12 - 12 oz cans,9.65,10,8,Seafood,19,New England Seafood Cannery,3,Fast Logistics Co
Noura sabah alfahad,Albuquerque,Nancy,10316,35335,Tarte au sucre,48 pies,49.3,70,3,Dessert,29,Forrables,3,Fast Logistics Co
Mohammad Yousef Khatem,Portland,Michael,10317,35338,Chais,10 boxes x 20 bags,18,20,1,Drinks,1,Exotic Liquid,1,Al-Rashed
Abeer Farouk ABD Al Azeem ,Cowes,Laura,10318,35339,Jack's New England Clam Chowder,12 - 12 oz cans,9.65,20,8,Seafood,19,New England Seafood Cannery,2,Alghanim Group
Abeer Farouk ABD Al Azeem ,Cowes,Laura,10318,35339,Lakkaliri,500 ml,18,6,1,Drinks,23,Karkki Oy,2,Alghanim Group
Reham Reda Mostafa,Maxico,Robert,10319,35340,Alice Mutton,20 - 1 kg tins,39,8,6,Meat,7,"Pavlova, Ltd.",3,Fast Logistics Co
Reham Reda Mostafa,Maxico,Robert,10319,35340,Rssle Sauerkraut,25 - 825 g cans,45.6,14,7,Fruits/Vegetables,12,Plutzer Lebensmittelgro,3,Fast Logistics Co
Reham Reda Mostafa,Maxico,Robert,10319,35340,Lakkaliri,500 ml,18,30,1,Drinks,23,Karkki Oy,3,Fast Logistics Co
Shaikhah Rasheed Alajmi,Oulu,Steven,10320,35341,Fltemysost,10 - 500 g pkgs.,21.5,30,4,Dairy Products,15,Norske Meierier,3,Fast Logistics Co
Abeer Farouk ABD Al Azeem ,Cowes,Janet,10321,35341,Steeleye Stout,24 - 12 oz bottles,18,10,1,Drinks,16,Bigfoot Breweries,2,Alghanim Group
Ghaidaa Abdulrahman Alsulaiteen ,Maxico,Robert,10322,35342,Filo Mix,16 - 2 kg boxes,7,20,5,Grains/Cereals,24,"G'day, Mate",3,Fast Logistics Co
Abdullah Hassan Alhabshi,Brandenburg,Margaret,10323,35345,Genen Shouyu,24 - 250 ml bottles,15.5,5,2,Spices,6,Mayumi's,1,Al-Rashed
Abdullah Hassan Alhabshi,Brandenburg,Margaret,10323,35345,NuNuCa Nougat-Creme,20 - 450 g glasses,14,4,3,Dessert,11,Heli  GmbH & Co. KG,1,Al-Rashed
Abdullah Hassan Alhabshi,Brandenburg,Margaret,10323,35345,Chartreuse verte,750 cc per bottle,18,4,1,Drinks,18,Aux joyeux,1,Al-Rashed
Talal Salman Alsharrah,Boise,Anne,10324,35346,Pavlova,32 - 500 g boxes,17.45,21,3,Dessert,7,"Pavlova, Ltd.",1,Al-Rashed
Talal Salman Alsharrah,Boise,Anne,10324,35346,Steeleye Stout,24 - 12 oz bottles,18,70,1,Drinks,16,Bigfoot Breweries,1,Al-Rashed
Talal Salman Alsharrah,Boise,Anne,10324,35346,Spegesild,4 - 450 g glasses,12,30,8,Seafood,21,Lyngbysild,1,Al-Rashed
Talal Salman Alsharrah,Boise,Anne,10324,35346,Raclette Courdavault,5 kg pkg.,55,40,4,Dairy Products,28,Gai turage,1,Al-Rashed
Talal Salman Alsharrah,Boise,Anne,10324,35346,Vegie-spread,15 - 625 g jars,43.9,80,2,Spices,7,"Pavlova, Ltd.",1,Al-Rashed
Abdullah Hassan Alhabshi,Brandenburg,Nancy,10325,35347,Grandma's Boysenberry Spread,12 - 8 oz jars,25,6,2,Spices,3,Grandma Kelly's Homestead,3,Fast Logistics Co
Abdullah Hassan Alhabshi,Brandenburg,Nancy,10325,35347,Konbu,2 kg box,6,12,8,Seafood,6,Mayumi's,3,Fast Logistics Co
Abdullah Hassan Alhabshi,Brandenburg,Nancy,10325,35347,Tofu,40 - 100 g pkgs.,23.25,9,7,Fruits/Vegetables,6,Mayumi's,3,Fast Logistics Co
Abdullah Hassan Alhabshi,Brandenburg,Nancy,10325,35347,Gorgonzola Telino,12 - 100 g pkgs,12.5,4,4,Dairy Products,14,Formaggi Fortini s.r.l.,3,Fast Logistics Co
Abdullah Hassan Alhabshi,Brandenburg,Nancy,10325,35347,Mozzarella di Giovanni,24 - 200 g pkgs.,34.8,40,4,Dairy Products,14,Formaggi Fortini s.r.l.,3,Fast Logistics Co
Sharifah Mahmoud AlSowaidan,Madrid,Margaret,10326,35348,Chef Anton's Cajun Seasoning,48 - 6 oz jars,22,24,2,Spices,2,New Orleans Cajun Delights,2,Alghanim Group
Sharifah Mahmoud AlSowaidan,Madrid,Margaret,10326,35348,Ravioli Angelo,24 - 250 g pkgs.,19.5,16,5,Grains/Cereals,26,Pasta Buttini s.r.l.,2,Alghanim Group
Sharifah Mahmoud AlSowaidan,Madrid,Margaret,10326,35348,Rhu Klosterbier,24 - 0.5 l bottles,7.75,50,1,Drinks,12,Plutzer Lebensmittelgro,2,Alghanim Group
Sarah mishaal albaker ,Bracke,Andrew,10327,35349,Chang,24 - 12 oz bottles,19,25,1,Drinks,1,Exotic Liquid,1,Al-Rashed
Sarah mishaal albaker ,Bracke,Andrew,10327,35349,Queso Cabrales,1 kg pkg.,21,50,4,Dairy Products,5,Cooperativa de Quesos 'Las Cabras',1,Al-Rashed
Sarah mishaal albaker ,Bracke,Andrew,10327,35349,Nord-Ost Matjeshering,10 - 200 g glasses,25.89,35,8,Seafood,13,Nord-Ost-Fisch Handelsgesellschaft mbH,1,Al-Rashed
Sarah mishaal albaker ,Bracke,Andrew,10327,35349,Escargots de Bourgogne,24 pieces,13.25,30,8,Seafood,27,Escargots Nouveaux,1,Al-Rashed
Muneerah Nasser Alajmi,Lisboa,Margaret,10328,35352,Raclette Courdavault,5 kg pkg.,55,9,4,Dairy Products,28,Gai turage,3,Fast Logistics Co
Muneerah Nasser Alajmi,Lisboa,Margaret,10328,35352,Louisiana Fiery Hot Pepper Sauce,32 - 8 oz bottles,21.05,40,2,Spices,2,New Orleans Cajun Delights,3,Fast Logistics Co
Muneerah Nasser Alajmi,Lisboa,Margaret,10328,35352,Scottish Longbreads,10 boxes x 8 pieces,12.5,10,3,Dessert,8,"Specialty Biscuits, Ltd.",3,Fast Logistics Co
Hanaa Rushood AlRushood,Lander,Margaret,10329,35353,Teatime Chocolate Biscuits,10 boxes x 12 pieces,9.2,10,3,Dessert,8,"Specialty Biscuits, Ltd.",2,Alghanim Group
Hanaa Rushood AlRushood,Lander,Margaret,10329,35353,Nord-Ost Matjeshering,10 - 200 g glasses,25.89,8,8,Seafood,13,Nord-Ost-Fisch Handelsgesellschaft mbH,2,Alghanim Group
Hanaa Rushood AlRushood,Lander,Margaret,10329,35353,Cate de Blaye,12 - 75 cl bottles,263.5,20,1,Drinks,18,Aux joyeux,2,Alghanim Group
Hanaa Rushood AlRushood,Lander,Margaret,10329,35353,Gnocchi di nonna Alice,24 - 250 g pkgs.,38,12,5,Grains/Cereals,26,Pasta Buttini s.r.l.,2,Alghanim Group
Ahmad Ebrahim AlMutawa,Barquisimeto,Janet,10330,35354,Gumbr Gummibchen,100 - 250 g bags,31.23,50,3,Dessert,11,Heli  GmbH & Co. KG,1,Al-Rashed
Ahmad Ebrahim AlMutawa,Barquisimeto,Janet,10330,35354,Mozzarella di Giovanni,24 - 200 g pkgs.,34.8,25,4,Dairy Products,14,Formaggi Fortini s.r.l.,1,Al-Rashed
Ali Odeh Elkhatib ,Marseille,Anne,10331,35354,Tourtire,16 pies,7.45,15,6,Meat,25,Ma Maison,1,Al-Rashed
Ayat Suliman Alhindeyani,Montreal,Janet,10332,35355,Carnarvon Tigers,16 kg pkg.,62.5,40,8,Seafood,7,"Pavlova, Ltd.",2,Alghanim Group
Ayat Suliman Alhindeyani,Montreal,Janet,10332,35355,Singaporean Hokkien Fried Mee,32 - 1 kg pkgs.,14,10,5,Grains/Cereals,20,Leka Trading,2,Alghanim Group
Ayat Suliman Alhindeyani,Montreal,Janet,10332,35355,Zaanse koeken,10 - 4 oz boxes,9.5,16,3,Dessert,22,Zaanse Snoepfabriek,2,Alghanim Group
Shaikhah Rasheed Alajmi,Oulu,Steven,10333,35356,Tofu,40 - 100 g pkgs.,23.25,10,7,Fruits/Vegetables,6,Mayumi's,3,Fast Logistics Co
Shaikhah Rasheed Alajmi,Oulu,Steven,10333,35356,Sir Rodney's Scones,24 pkgs. x 4 pieces,10,10,3,Dessert,8,"Specialty Biscuits, Ltd.",3,Fast Logistics Co
Shaikhah Rasheed Alajmi,Oulu,Steven,10333,35356,Fltemysost,10 - 500 g pkgs.,21.5,40,4,Dairy Products,15,Norske Meierier,3,Fast Logistics Co
Lina Adlouni,Lyon,Laura,10334,35359,Filo Mix,16 - 2 kg boxes,7,8,5,Grains/Cereals,24,"G'day, Mate",2,Alghanim Group
Lina Adlouni,Lyon,Laura,10334,35359,Scottish Longbreads,10 boxes x 8 pieces,12.5,10,3,Dessert,8,"Specialty Biscuits, Ltd.",2,Alghanim Group
Zeinab Mahmoud Ali rabea,Cork,Robert,10335,35360,Chang,24 - 12 oz bottles,19,7,1,Drinks,1,Exotic Liquid,2,Alghanim Group
Zeinab Mahmoud Ali rabea,Cork,Robert,10335,35360,Gorgonzola Telino,12 - 100 g pkgs,12.5,25,4,Dairy Products,14,Formaggi Fortini s.r.l.,2,Alghanim Group
Zeinab Mahmoud Ali rabea,Cork,Robert,10335,35360,Mascarpone Fabioli,24 - 200 g pkgs.,32,6,4,Dairy Products,14,Formaggi Fortini s.r.l.,2,Alghanim Group
Zeinab Mahmoud Ali rabea,Cork,Robert,10335,35360,Manjimup Dried Apples,50 - 300 g pkgs.,53,48,7,Fruits/Vegetables,24,"G'day, Mate",2,Alghanim Group
Eng. Sundus Adel Hasan,Lisboa,Robert,10336,35361,Chef Anton's Cajun Seasoning,48 - 6 oz jars,22,18,2,Spices,2,New Orleans Cajun Delights,2,Alghanim Group
Laila Tawfeeq Alqattan,Munchen,Margaret,10337,35362,Tunnbraaa,12 - 250 g pkgs.,9,40,5,Grains/Cereals,9,PB KnAB,3,Fast Logistics Co
Laila Tawfeeq Alqattan,Munchen,Margaret,10337,35362,Gumbr Gummibchen,100 - 250 g bags,31.23,24,3,Dessert,11,Heli  GmbH & Co. KG,3,Fast Logistics Co
Laila Tawfeeq Alqattan,Munchen,Margaret,10337,35362,Inlagd Sill,24 - 250 g jars,19,20,8,Seafood,17,Svensk  AB,3,Fast Logistics Co
Laila Tawfeeq Alqattan,Munchen,Margaret,10337,35362,Gravad lax,12 - 500 g pkgs.,26,28,8,Seafood,17,Svensk  AB,3,Fast Logistics Co
Laila Tawfeeq Alqattan,Munchen,Margaret,10337,35362,Mozzarella di Giovanni,24 - 200 g pkgs.,34.8,25,4,Dairy Products,14,Formaggi Fortini s.r.l.,3,Fast Logistics Co
Ali Odeh Elkhatib,Anchorage,Margaret,10338,35363,Alice Mutton,20 - 1 kg tins,39,20,6,Meat,7,"Pavlova, Ltd.",3,Fast Logistics Co
Ali Odeh Elkhatib,Anchorage,Margaret,10338,35363,Nord-Ost Matjeshering,10 - 200 g glasses,25.89,15,8,Seafood,13,Nord-Ost-Fisch Handelsgesellschaft mbH,3,Fast Logistics Co
Ayat Suliman Alhindeyani,Montreal,Andrew,10339,35366,Chef Anton's Cajun Seasoning,48 - 6 oz jars,22,10,2,Spices,2,New Orleans Cajun Delights,2,Alghanim Group
Ayat Suliman Alhindeyani,Montreal,Andrew,10339,35366,Alice Mutton,20 - 1 kg tins,39,70,6,Meat,7,"Pavlova, Ltd.",2,Alghanim Group
Ayat Suliman Alhindeyani,Montreal,Andrew,10339,35366,Tarte au sucre,48 pies,49.3,28,3,Dessert,29,Forrables,2,Alghanim Group
Ali Odeh Elkhatib ,Marseille,Nancy,10340,35367,Carnarvon Tigers,16 kg pkg.,62.5,20,8,Seafood,7,"Pavlova, Ltd.",3,Fast Logistics Co
Ali Odeh Elkhatib ,Marseille,Nancy,10340,35367,Jack's New England Clam Chowder,12 - 12 oz cans,9.65,12,8,Seafood,19,New England Seafood Cannery,3,Fast Logistics Co
Ali Odeh Elkhatib ,Marseille,Nancy,10340,35367,Ipoh Coffee,16 - 500 g tins,46,40,1,Drinks,20,Leka Trading,3,Fast Logistics Co
Mona Mohammad Alghayeb,Kbenhavn,Robert,10341,35367,Geitost,500 g,2.5,8,4,Dairy Products,15,Norske Meierier,3,Fast Logistics Co
Mona Mohammad Alghayeb,Kbenhavn,Robert,10341,35367,Raclette Courdavault,5 kg pkg.,55,9,4,Dairy Products,28,Gai turage,3,Fast Logistics Co
Laila Tawfeeq Alqattan,Munchen,Margaret,10342,35368,Chang,24 - 12 oz bottles,19,24,1,Drinks,1,Exotic Liquid,2,Alghanim Group
Laila Tawfeeq Alqattan,Munchen,Margaret,10342,35368,Gorgonzola Telino,12 - 100 g pkgs,12.5,56,4,Dairy Products,14,Formaggi Fortini s.r.l.,2,Alghanim Group
Laila Tawfeeq Alqattan,Munchen,Margaret,10342,35368,Inlagd Sill,24 - 250 g jars,19,40,8,Seafood,17,Svensk  AB,2,Alghanim Group
Laila Tawfeeq Alqattan,Munchen,Margaret,10342,35368,chinois,24 boxes x 2 pies,24,40,6,Meat,25,Ma Maison,2,Alghanim Group
LAILA EID ALMUTAIRI ,Frankfurt a.M.,Margaret,10343,35369,Wimmers gute Semmelkndel,20 bags x 4 pieces,33.25,50,5,Grains/Cereals,12,Plutzer Lebensmittelgro,1,Al-Rashed
LAILA EID ALMUTAIRI ,Frankfurt a.M.,Margaret,10343,35369,Scottish Longbreads,10 boxes x 8 pieces,12.5,4,3,Dessert,8,"Specialty Biscuits, Ltd.",1,Al-Rashed
LAILA EID ALMUTAIRI ,Frankfurt a.M.,Margaret,10343,35369,Lakkaliri,500 ml,18,15,1,Drinks,23,Karkki Oy,1,Al-Rashed
Hesham Shahin Ibrahim,Seattle,Margaret,10344,35370,Chef Anton's Cajun Seasoning,48 - 6 oz jars,22,35,2,Spices,2,New Orleans Cajun Delights,2,Alghanim Group
Hesham Shahin Ibrahim,Seattle,Margaret,10344,35370,Northwoods Cranberry Sauce,12 - 12 oz jars,40,70,2,Spices,3,Grandma Kelly's Homestead,2,Alghanim Group
Abdulla AL-Rashidi,Cunewalde,Andrew,10345,35373,Northwoods Cranberry Sauce,12 - 12 oz jars,40,70,2,Spices,3,Grandma Kelly's Homestead,2,Alghanim Group
Abdulla AL-Rashidi,Cunewalde,Andrew,10345,35373,Teatime Chocolate Biscuits,10 boxes x 12 pieces,9.2,80,3,Dessert,8,"Specialty Biscuits, Ltd.",2,Alghanim Group
Abdulla AL-Rashidi,Cunewalde,Andrew,10345,35373,Singaporean Hokkien Fried Mee,32 - 1 kg pkgs.,14,9,5,Grains/Cereals,20,Leka Trading,2,Alghanim Group
Noura sabah alfahad,Albuquerque,Janet,10346,35374,Alice Mutton,20 - 1 kg tins,39,36,6,Meat,7,"Pavlova, Ltd.",3,Fast Logistics Co
Noura sabah alfahad,Albuquerque,Janet,10346,35374,Gnocchi di nonna Alice,24 - 250 g pkgs.,38,20,5,Grains/Cereals,26,Pasta Buttini s.r.l.,3,Fast Logistics Co
Hanaa Rushood AlRushood,Saeo Paulo,Margaret,10347,35375,NuNuCa Nougat-Creme,20 - 450 g glasses,14,10,3,Dessert,11,Heli  GmbH & Co. KG,3,Fast Logistics Co
Hanaa Rushood AlRushood,Saeo Paulo,Margaret,10347,35375,Chartreuse verte,750 cc per bottle,18,50,1,Drinks,18,Aux joyeux,3,Fast Logistics Co
Hanaa Rushood AlRushood,Saeo Paulo,Margaret,10347,35375,Boston Crab Meat,24 - 4 oz tins,18.4,4,8,Seafood,19,New England Seafood Cannery,3,Fast Logistics Co
Hanaa Rushood AlRushood,Saeo Paulo,Margaret,10347,35375,Rhu Klosterbier,24 - 0.5 l bottles,7.75,6,1,Drinks,12,Plutzer Lebensmittelgro,3,Fast Logistics Co
Talal Mohammed Alenezi,Stuttgart,Margaret,10348,35376,Chais,10 boxes x 20 bags,18,15,1,Drinks,1,Exotic Liquid,2,Alghanim Group
Talal Mohammed Alenezi,Stuttgart,Margaret,10348,35376,Tunnbraaa,12 - 250 g pkgs.,9,25,5,Grains/Cereals,9,PB KnAB,2,Alghanim Group
Hanaa Rushood AlRushood,Lander,Robert,10349,35377,Tourtire,16 pies,7.45,24,6,Meat,25,Ma Maison,1,Al-Rashed
Tahani Essa Alloughani,Toulouse,Michael,10350,35380,Valkoinen suklaa,12 - 100 g bars,16.25,15,3,Dessert,23,Karkki Oy,2,Alghanim Group
Tahani Essa Alloughani,Toulouse,Michael,10350,35380,Gudbrandsdalsost,10 kg pkg.,36,18,4,Dairy Products,15,Norske Meierier,2,Alghanim Group
Esraa Fadhel Alhemedi,Graz,Nancy,10351,35380,Cate de Blaye,12 - 75 cl bottles,263.5,20,1,Drinks,18,Aux joyeux,1,Al-Rashed
Esraa Fadhel Alhemedi,Graz,Nancy,10351,35380,Jack's New England Clam Chowder,12 - 12 oz cans,9.65,13,8,Seafood,19,New England Seafood Cannery,1,Al-Rashed
Esraa Fadhel Alhemedi,Graz,Nancy,10351,35380,Gula Malacca,20 - 2 kg bags,19.45,77,2,Spices,20,Leka Trading,1,Al-Rashed
Esraa Fadhel Alhemedi,Graz,Nancy,10351,35380,Louisiana Fiery Hot Pepper Sauce,32 - 8 oz bottles,21.05,10,2,Spices,2,New Orleans Cajun Delights,1,Al-Rashed
Muneerah Nasser Alajmi,Lisboa,Janet,10352,35381,Guaran Fant,12 - 355 ml cans,4.5,10,1,Drinks,10,Refrescos Americanas LTDA,3,Fast Logistics Co
Muneerah Nasser Alajmi,Lisboa,Janet,10352,35381,Tourtire,16 pies,7.45,20,6,Meat,25,Ma Maison,3,Fast Logistics Co
Hessa Yousef Alwuhaib,Salzburg,Robert,10353,35382,Queso Cabrales,1 kg pkg.,21,12,4,Dairy Products,5,Cooperativa de Quesos 'Las Cabras',3,Fast Logistics Co
Hessa Yousef Alwuhaib,Salzburg,Robert,10353,35382,Cate de Blaye,12 - 75 cl bottles,263.5,50,1,Drinks,18,Aux joyeux,3,Fast Logistics Co
Ghaidaa Abdulrahman Alsulaiteen ,Maxico,Laura,10354,35383,Chais,10 boxes x 20 bags,18,12,1,Drinks,1,Exotic Liquid,3,Fast Logistics Co
Ghaidaa Abdulrahman Alsulaiteen ,Maxico,Laura,10354,35383,Thringer Rostbratwurst,50 bags x 30 sausgs.,123.79,4,6,Meat,12,Plutzer Lebensmittelgro,3,Fast Logistics Co
Talal Salman Alsharrah,London,Michael,10355,35384,Guaran Fant,12 - 355 ml cans,4.5,25,1,Drinks,10,Refrescos Americanas LTDA,1,Al-Rashed
Talal Salman Alsharrah,London,Michael,10355,35384,Ravioli Angelo,24 - 250 g pkgs.,19.5,25,5,Grains/Cereals,26,Pasta Buttini s.r.l.,1,Al-Rashed
Talal Mohammed Alenezi,Stuttgart,Michael,10356,35387,Gorgonzola Telino,12 - 100 g pkgs,12.5,30,4,Dairy Products,14,Formaggi Fortini s.r.l.,2,Alghanim Group
Talal Mohammed Alenezi,Stuttgart,Michael,10356,35387,chinois,24 boxes x 2 pies,24,12,6,Meat,25,Ma Maison,2,Alghanim Group
Talal Mohammed Alenezi,Stuttgart,Michael,10356,35387,Gudbrandsdalsost,10 kg pkg.,36,20,4,Dairy Products,15,Norske Meierier,2,Alghanim Group
Ahmad Ebrahim AlMutawa,Barquisimeto,Nancy,10357,35388,Ikura,12 - 200 ml jars,31,30,8,Seafood,4,Tokyo Traders,3,Fast Logistics Co
Ahmad Ebrahim AlMutawa,Barquisimeto,Nancy,10357,35388,Gumbr Gummibchen,100 - 250 g bags,31.23,16,3,Dessert,11,Heli  GmbH & Co. KG,3,Fast Logistics Co
Ahmad Ebrahim AlMutawa,Barquisimeto,Nancy,10357,35388,Camembert Pierrot,15 - 300 g rounds,34,8,4,Dairy Products,28,Gai turage,3,Fast Logistics Co
Tahani Essa Alloughani,Toulouse,Steven,10358,35389,Guaran Fant,12 - 355 ml cans,4.5,10,1,Drinks,10,Refrescos Americanas LTDA,1,Al-Rashed
Tahani Essa Alloughani,Toulouse,Steven,10358,35389,Sasquatch Ale,24 - 12 oz bottles,14,10,1,Drinks,16,Bigfoot Breweries,1,Al-Rashed
Tahani Essa Alloughani,Toulouse,Steven,10358,35389,Inlagd Sill,24 - 250 g jars,19,20,8,Seafood,17,Svensk  AB,1,Al-Rashed
Hussa Abdullateef Allhaib,London,Steven,10359,35390,Pavlova,32 - 500 g boxes,17.45,56,3,Dessert,7,"Pavlova, Ltd.",3,Fast Logistics Co
Hussa Abdullateef Allhaib,London,Steven,10359,35390,Gorgonzola Telino,12 - 100 g pkgs,12.5,70,4,Dairy Products,14,Formaggi Fortini s.r.l.,3,Fast Logistics Co
Hussa Abdullateef Allhaib,London,Steven,10359,35390,Camembert Pierrot,15 - 300 g rounds,34,80,4,Dairy Products,28,Gai turage,3,Fast Logistics Co
Omer Ali,Strasbourg,Margaret,10360,35391,Rssle Sauerkraut,25 - 825 g cans,45.6,30,7,Fruits/Vegetables,12,Plutzer Lebensmittelgro,3,Fast Logistics Co
Omer Ali,Strasbourg,Margaret,10360,35391,Thringer Rostbratwurst,50 bags x 30 sausgs.,123.79,35,6,Meat,12,Plutzer Lebensmittelgro,3,Fast Logistics Co
Omer Ali,Strasbourg,Margaret,10360,35391,Cate de Blaye,12 - 75 cl bottles,263.5,10,1,Drinks,18,Aux joyeux,3,Fast Logistics Co
Omer Ali,Strasbourg,Margaret,10360,35391,Maxilaku,24 - 50 g pkgs.,20,35,3,Dessert,23,Karkki Oy,3,Fast Logistics Co
Omer Ali,Strasbourg,Margaret,10360,35391,Tourtire,16 pies,7.45,28,6,Meat,25,Ma Maison,3,Fast Logistics Co
Abdulla AL-Rashidi,Cunewalde,Nancy,10361,35391,Chartreuse verte,750 cc per bottle,18,54,1,Drinks,18,Aux joyeux,2,Alghanim Group
Abdulla AL-Rashidi,Cunewalde,Nancy,10361,35391,Camembert Pierrot,15 - 300 g rounds,34,55,4,Dairy Products,28,Gai turage,2,Alghanim Group
Ali Odeh Elkhatib ,Marseille,Janet,10362,35394,NuNuCa Nougat-Creme,20 - 450 g glasses,14,50,3,Dessert,11,Heli  GmbH & Co. KG,1,Al-Rashed
Ali Odeh Elkhatib ,Marseille,Janet,10362,35394,Manjimup Dried Apples,50 - 300 g pkgs.,53,20,7,Fruits/Vegetables,24,"G'day, Mate",1,Al-Rashed
Ali Odeh Elkhatib ,Marseille,Janet,10362,35394,Tourtire,16 pies,7.45,24,6,Meat,25,Ma Maison,1,Al-Rashed
Fatemah W KH Boyabes,Aachen,Margaret,10363,35395,Gorgonzola Telino,12 - 100 g pkgs,12.5,20,4,Dairy Products,14,Formaggi Fortini s.r.l.,3,Fast Logistics Co
Fatemah W KH Boyabes,Aachen,Margaret,10363,35395,Rhu Klosterbier,24 - 0.5 l bottles,7.75,12,1,Drinks,12,Plutzer Lebensmittelgro,3,Fast Logistics Co
Fatemah W KH Boyabes,Aachen,Margaret,10363,35395,Lakkaliri,500 ml,18,12,1,Drinks,23,Karkki Oy,3,Fast Logistics Co
Shaikhah Rasheed Alajmi,London,Nancy,10364,35395,Gudbrandsdalsost,10 kg pkg.,36,30,4,Dairy Products,15,Norske Meierier,1,Al-Rashed
Shaikhah Rasheed Alajmi,London,Nancy,10364,35395,Fltemysost,10 - 500 g pkgs.,21.5,5,4,Dairy Products,15,Norske Meierier,1,Al-Rashed
Taiba Pattan,Maxico,Janet,10365,35396,Queso Cabrales,1 kg pkg.,21,24,4,Dairy Products,5,Cooperativa de Quesos 'Las Cabras',2,Alghanim Group
Noha Saud Fayed,Barcelona,Laura,10366,35397,Louisiana Fiery Hot Pepper Sauce,32 - 8 oz bottles,21.05,5,2,Spices,2,New Orleans Cajun Delights,2,Alghanim Group
Noha Saud Fayed,Barcelona,Laura,10366,35397,Original Frankfurter,12 boxes,13,5,2,Spices,12,Plutzer Lebensmittelgro,2,Alghanim Group
Nouf abdulaziz alqadhaa ,Århus,Robert,10367,35397,Sasquatch Ale,24 - 12 oz bottles,14,36,1,Drinks,16,Bigfoot Breweries,3,Fast Logistics Co
Nouf abdulaziz alqadhaa ,Århus,Robert,10367,35397,Tourtire,16 pies,7.45,18,6,Meat,25,Ma Maison,3,Fast Logistics Co
Nouf abdulaziz alqadhaa ,Århus,Robert,10367,35397,Louisiana Fiery Hot Pepper Sauce,32 - 8 oz bottles,21.05,15,2,Spices,2,New Orleans Cajun Delights,3,Fast Logistics Co
Nouf abdulaziz alqadhaa ,Århus,Robert,10367,35397,Original Frankfurter,12 boxes,13,7,2,Spices,12,Plutzer Lebensmittelgro,3,Fast Logistics Co
Esraa Fadhel Alhemedi,Graz,Andrew,10368,35398,Sir Rodney's Scones,24 pkgs. x 4 pieces,10,5,3,Dessert,8,"Specialty Biscuits, Ltd.",2,Alghanim Group
Esraa Fadhel Alhemedi,Graz,Andrew,10368,35398,Rssle Sauerkraut,25 - 825 g cans,45.6,13,7,Fruits/Vegetables,12,Plutzer Lebensmittelgro,2,Alghanim Group
Esraa Fadhel Alhemedi,Graz,Andrew,10368,35398,Ravioli Angelo,24 - 250 g pkgs.,19.5,25,5,Grains/Cereals,26,Pasta Buttini s.r.l.,2,Alghanim Group
Esraa Fadhel Alhemedi,Graz,Andrew,10368,35398,Wimmers gute Semmelkndel,20 bags x 4 pieces,33.25,35,5,Grains/Cereals,12,Plutzer Lebensmittelgro,2,Alghanim Group
Hanaa Rushood AlRushood,Lander,Laura,10369,35401,Thringer Rostbratwurst,50 bags x 30 sausgs.,123.79,20,6,Meat,12,Plutzer Lebensmittelgro,2,Alghanim Group
Hanaa Rushood AlRushood,Lander,Laura,10369,35401,Gnocchi di nonna Alice,24 - 250 g pkgs.,38,18,5,Grains/Cereals,26,Pasta Buttini s.r.l.,2,Alghanim Group
Abrar Bader Alammar,Bern,Michael,10370,35402,Chais,10 boxes x 20 bags,18,15,1,Drinks,1,Exotic Liquid,2,Alghanim Group
Abrar Bader Alammar,Bern,Michael,10370,35402,Wimmers gute Semmelkndel,20 bags x 4 pieces,33.25,30,5,Grains/Cereals,12,Plutzer Lebensmittelgro,2,Alghanim Group
Abrar Bader Alammar,Bern,Michael,10370,35402,Longlife Tofu,5 kg pkg.,10,20,7,Fruits/Vegetables,4,Tokyo Traders,2,Alghanim Group
Tahani Essa Alloughani,Toulouse,Nancy,10371,35402,Inlagd Sill,24 - 250 g jars,19,6,8,Seafood,17,Svensk  AB,1,Al-Rashed
Fatemah Abdullah AlFailakawi,Saeo Paulo,Steven,10372,35403,Sir Rodney's Marmalade,30 gift boxes,81,12,3,Dessert,8,"Specialty Biscuits, Ltd.",2,Alghanim Group
Fatemah Abdullah AlFailakawi,Saeo Paulo,Steven,10372,35403,Cate de Blaye,12 - 75 cl bottles,263.5,40,1,Drinks,18,Aux joyeux,2,Alghanim Group
Fatemah Abdullah AlFailakawi,Saeo Paulo,Steven,10372,35403,Camembert Pierrot,15 - 300 g rounds,34,70,4,Dairy Products,28,Gai turage,2,Alghanim Group
Fatemah Abdullah AlFailakawi,Saeo Paulo,Steven,10372,35403,Mozzarella di Giovanni,24 - 200 g pkgs.,34.8,42,4,Dairy Products,14,Formaggi Fortini s.r.l.,2,Alghanim Group
Zeinab Mahmoud Ali rabea,Cork,Margaret,10373,35404,Escargots de Bourgogne,24 pieces,13.25,80,8,Seafood,27,Escargots Nouveaux,3,Fast Logistics Co
Zeinab Mahmoud Ali rabea,Cork,Margaret,10373,35404,Fltemysost,10 - 500 g pkgs.,21.5,50,4,Dairy Products,15,Norske Meierier,3,Fast Logistics Co
Raya Yousif Ismail,Walla,Nancy,10374,35404,Gorgonzola Telino,12 - 100 g pkgs,12.5,30,4,Dairy Products,14,Formaggi Fortini s.r.l.,3,Fast Logistics Co
Raya Yousif Ismail,Walla,Nancy,10374,35404,Escargots de Bourgogne,24 pieces,13.25,15,8,Seafood,27,Escargots Nouveaux,3,Fast Logistics Co
Abeer Farouk ABD Al Azeem ,Elgin,Janet,10375,35405,Tofu,40 - 100 g pkgs.,23.25,15,7,Fruits/Vegetables,6,Mayumi's,2,Alghanim Group
Abeer Farouk ABD Al Azeem ,Elgin,Janet,10375,35405,Tourtire,16 pies,7.45,10,6,Meat,25,Ma Maison,2,Alghanim Group
Ayat Suliman Alhindeyani,Montreal,Nancy,10376,35408,Gorgonzola Telino,12 - 100 g pkgs,12.5,42,4,Dairy Products,14,Formaggi Fortini s.r.l.,2,Alghanim Group
Hussa Abdullateef Allhaib,London,Nancy,10377,35408,Rssle Sauerkraut,25 - 825 g cans,45.6,20,7,Fruits/Vegetables,12,Plutzer Lebensmittelgro,3,Fast Logistics Co
Hussa Abdullateef Allhaib,London,Nancy,10377,35408,Chartreuse verte,750 cc per bottle,18,20,1,Drinks,18,Aux joyeux,3,Fast Logistics Co
Sarah mishaal albaker ,Bracke,Steven,10378,35409,Fltemysost,10 - 500 g pkgs.,21.5,6,4,Dairy Products,15,Norske Meierier,3,Fast Logistics Co
Abrar Bader Alammar,Rio de Janeiro,Andrew,10379,35410,Jack's New England Clam Chowder,12 - 12 oz cans,9.65,8,8,Seafood,19,New England Seafood Cannery,1,Al-Rashed
Abrar Bader Alammar,Rio de Janeiro,Andrew,10379,35410,Vegie-spread,15 - 625 g jars,43.9,16,2,Spices,7,"Pavlova, Ltd.",1,Al-Rashed
Abrar Bader Alammar,Rio de Janeiro,Andrew,10379,35410,Louisiana Fiery Hot Pepper Sauce,32 - 8 oz bottles,21.05,20,2,Spices,2,New Orleans Cajun Delights,1,Al-Rashed
Zeinab Mahmoud Ali rabea,Cork,Laura,10380,35411,Nord-Ost Matjeshering,10 - 200 g glasses,25.89,18,8,Seafood,13,Nord-Ost-Fisch Handelsgesellschaft mbH,3,Fast Logistics Co
Zeinab Mahmoud Ali rabea,Cork,Laura,10380,35411,Perth Pasties,48 pieces,32.8,20,6,Meat,24,"G'day, Mate",3,Fast Logistics Co
Zeinab Mahmoud Ali rabea,Cork,Laura,10380,35411,Camembert Pierrot,15 - 300 g rounds,34,6,4,Dairy Products,28,Gai turage,3,Fast Logistics Co
Zeinab Mahmoud Ali rabea,Cork,Laura,10380,35411,Outback Lager,24 - 355 ml bottles,15,30,1,Drinks,7,"Pavlova, Ltd.",3,Fast Logistics Co
Ahmad Ebrahim AlMutawa,Barquisimeto,Janet,10381,35411,Longlife Tofu,5 kg pkg.,10,14,7,Fruits/Vegetables,4,Tokyo Traders,3,Fast Logistics Co
Esraa Fadhel Alhemedi,Graz,Margaret,10382,35412,Chef Anton's Gumbo Mix,36 boxes,21.35,32,2,Spices,2,New Orleans Cajun Delights,1,Al-Rashed
Esraa Fadhel Alhemedi,Graz,Margaret,10382,35412,Carnarvon Tigers,16 kg pkg.,62.5,9,8,Seafood,7,"Pavlova, Ltd.",1,Al-Rashed
Esraa Fadhel Alhemedi,Graz,Margaret,10382,35412,Thringer Rostbratwurst,50 bags x 30 sausgs.,123.79,14,6,Meat,12,Plutzer Lebensmittelgro,1,Al-Rashed
Esraa Fadhel Alhemedi,Graz,Margaret,10382,35412,Geitost,500 g,2.5,60,4,Dairy Products,15,Norske Meierier,1,Al-Rashed
Esraa Fadhel Alhemedi,Graz,Margaret,10382,35412,Longlife Tofu,5 kg pkg.,10,50,7,Fruits/Vegetables,4,Tokyo Traders,1,Al-Rashed
Talal Salman Alsharrah,London,Laura,10383,35415,Konbu,2 kg box,6,20,8,Seafood,6,Mayumi's,3,Fast Logistics Co
Talal Salman Alsharrah,London,Laura,10383,35415,Valkoinen suklaa,12 - 100 g bars,16.25,15,3,Dessert,23,Karkki Oy,3,Fast Logistics Co
Talal Salman Alsharrah,London,Laura,10383,35415,Gnocchi di nonna Alice,24 - 250 g pkgs.,38,20,5,Grains/Cereals,26,Pasta Buttini s.r.l.,3,Fast Logistics Co
Hashem Jassim Mousa,Luleay,Janet,10384,35415,Sir Rodney's Marmalade,30 gift boxes,81,28,3,Dessert,8,"Specialty Biscuits, Ltd.",3,Fast Logistics Co
Hashem Jassim Mousa,Luleay,Janet,10384,35415,Camembert Pierrot,15 - 300 g rounds,34,15,4,Dairy Products,28,Gai turage,3,Fast Logistics Co
Hanaa Rushood AlRushood,Lander,Nancy,10385,35416,Uncle Bob's Organic Dried Pears,12 - 1 lb pkgs.,30,10,7,Fruits/Vegetables,3,Grandma Kelly's Homestead,2,Alghanim Group
Hanaa Rushood AlRushood,Lander,Nancy,10385,35416,Camembert Pierrot,15 - 300 g rounds,34,20,4,Dairy Products,28,Gai turage,2,Alghanim Group
Hanaa Rushood AlRushood,Lander,Nancy,10385,35416,Scottish Longbreads,10 boxes x 8 pieces,12.5,8,3,Dessert,8,"Specialty Biscuits, Ltd.",2,Alghanim Group
Hanaa Rushood AlRushood,Saeo Paulo,Anne,10386,35417,Guaran Fant,12 - 355 ml cans,4.5,15,1,Drinks,10,Refrescos Americanas LTDA,3,Fast Logistics Co
Hanaa Rushood AlRushood,Saeo Paulo,Anne,10386,35417,Sasquatch Ale,24 - 12 oz bottles,14,10,1,Drinks,16,Bigfoot Breweries,3,Fast Logistics Co
Sharifah Mahmoud AlSowaidan,Stavern,Nancy,10387,35417,Guaran Fant,12 - 355 ml cans,4.5,15,1,Drinks,10,Refrescos Americanas LTDA,2,Alghanim Group
Sharifah Mahmoud AlSowaidan,Stavern,Nancy,10387,35417,Rssle Sauerkraut,25 - 825 g cans,45.6,6,7,Fruits/Vegetables,12,Plutzer Lebensmittelgro,2,Alghanim Group
Sharifah Mahmoud AlSowaidan,Stavern,Nancy,10387,35417,Raclette Courdavault,5 kg pkg.,55,12,4,Dairy Products,28,Gai turage,2,Alghanim Group
Sharifah Mahmoud AlSowaidan,Stavern,Nancy,10387,35417,Fltemysost,10 - 500 g pkgs.,21.5,15,4,Dairy Products,15,Norske Meierier,2,Alghanim Group
Hussa Abdullateef Allhaib,London,Andrew,10388,35418,Røgede sild,1k pkg.,9.5,15,8,Seafood,21,Lyngbysild,1,Al-Rashed
Hussa Abdullateef Allhaib,London,Andrew,10388,35418,Filo Mix,16 - 2 kg boxes,7,20,5,Grains/Cereals,24,"G'day, Mate",1,Al-Rashed
Hussa Abdullateef Allhaib,London,Andrew,10388,35418,Perth Pasties,48 pieces,32.8,40,6,Meat,24,"G'day, Mate",1,Al-Rashed
ROSEBY JANE I. LIWANAG,Tsawassen,Margaret,10389,35419,Ikura,12 - 200 ml jars,31,16,8,Seafood,4,Tokyo Traders,2,Alghanim Group
ROSEBY JANE I. LIWANAG,Tsawassen,Margaret,10389,35419,chinois,24 boxes x 2 pies,24,15,6,Meat,25,Ma Maison,2,Alghanim Group
ROSEBY JANE I. LIWANAG,Tsawassen,Margaret,10389,35419,Tarte au sucre,48 pies,49.3,20,3,Dessert,29,Forrables,2,Alghanim Group
ROSEBY JANE I. LIWANAG,Tsawassen,Margaret,10389,35419,Outback Lager,24 - 355 ml bottles,15,30,1,Drinks,7,"Pavlova, Ltd.",2,Alghanim Group
Esraa Fadhel Alhemedi,Graz,Michael,10390,35422,Gorgonzola Telino,12 - 100 g pkgs,12.5,60,4,Dairy Products,14,Formaggi Fortini s.r.l.,1,Al-Rashed
Esraa Fadhel Alhemedi,Graz,Michael,10390,35422,Steeleye Stout,24 - 12 oz bottles,18,40,1,Drinks,16,Bigfoot Breweries,1,Al-Rashed
Esraa Fadhel Alhemedi,Graz,Michael,10390,35422,Spegesild,4 - 450 g glasses,12,45,8,Seafood,21,Lyngbysild,1,Al-Rashed
Esraa Fadhel Alhemedi,Graz,Michael,10390,35422,Mozzarella di Giovanni,24 - 200 g pkgs.,34.8,24,4,Dairy Products,14,Formaggi Fortini s.r.l.,1,Al-Rashed
Fatemah W KH Boyabes,Aachen,Janet,10391,35422,Konbu,2 kg box,6,18,8,Seafood,6,Mayumi's,3,Fast Logistics Co
Hessa Yousef Alwuhaib,Salzburg,Andrew,10392,35423,Gudbrandsdalsost,10 kg pkg.,36,50,4,Dairy Products,15,Norske Meierier,3,Fast Logistics Co
Talal Salman Alsharrah,Boise,Nancy,10393,35424,Chang,24 - 12 oz bottles,19,25,1,Drinks,1,Exotic Liquid,3,Fast Logistics Co
Talal Salman Alsharrah,Boise,Nancy,10393,35424,Tofu,40 - 100 g pkgs.,23.25,42,7,Fruits/Vegetables,6,Mayumi's,3,Fast Logistics Co
Talal Salman Alsharrah,Boise,Nancy,10393,35424,NuNuCa Nougat-Creme,20 - 450 g glasses,14,7,3,Dessert,11,Heli  GmbH & Co. KG,3,Fast Logistics Co
Talal Salman Alsharrah,Boise,Nancy,10393,35424,Gumbr Gummibchen,100 - 250 g bags,31.23,70,3,Dessert,11,Heli  GmbH & Co. KG,3,Fast Logistics Co
Talal Salman Alsharrah,Boise,Nancy,10393,35424,Gorgonzola Telino,12 - 100 g pkgs,12.5,32,4,Dairy Products,14,Formaggi Fortini s.r.l.,3,Fast Logistics Co
Abeer Farouk ABD Al Azeem ,Elgin,Nancy,10394,35424,Konbu,2 kg box,6,10,8,Seafood,6,Mayumi's,3,Fast Logistics Co
Abeer Farouk ABD Al Azeem ,Elgin,Nancy,10394,35424,Tarte au sucre,48 pies,49.3,10,3,Dessert,29,Forrables,3,Fast Logistics Co
Shaikha Sabti,San Cristabal,Michael,10395,35425,Spegesild,4 - 450 g glasses,12,28,8,Seafood,21,Lyngbysild,1,Al-Rashed
Shaikha Sabti,San Cristabal,Michael,10395,35425,Perth Pasties,48 pieces,32.8,70,6,Meat,24,"G'day, Mate",1,Al-Rashed
Shaikha Sabti,San Cristabal,Michael,10395,35425,Gudbrandsdalsost,10 kg pkg.,36,8,4,Dairy Products,15,Norske Meierier,1,Al-Rashed
Laila Tawfeeq Alqattan,Munchen,Nancy,10396,35426,Tunnbraaa,12 - 250 g pkgs.,9,40,5,Grains/Cereals,9,PB KnAB,3,Fast Logistics Co
Laila Tawfeeq Alqattan,Munchen,Nancy,10396,35426,Fltemysost,10 - 500 g pkgs.,21.5,60,4,Dairy Products,15,Norske Meierier,3,Fast Logistics Co
Laila Tawfeeq Alqattan,Munchen,Nancy,10396,35426,Mozzarella di Giovanni,24 - 200 g pkgs.,34.8,21,4,Dairy Products,14,Formaggi Fortini s.r.l.,3,Fast Logistics Co
Eng. Sundus Adel Hasan,Lisboa,Steven,10397,35426,Sir Rodney's Scones,24 pkgs. x 4 pieces,10,10,3,Dessert,8,"Specialty Biscuits, Ltd.",1,Al-Rashed
Eng. Sundus Adel Hasan,Lisboa,Steven,10397,35426,Manjimup Dried Apples,50 - 300 g pkgs.,53,18,7,Fruits/Vegetables,24,"G'day, Mate",1,Al-Rashed
Talal Salman Alsharrah,Boise,Andrew,10398,35429,Steeleye Stout,24 - 12 oz bottles,18,30,1,Drinks,16,Bigfoot Breweries,3,Fast Logistics Co
Talal Salman Alsharrah,Boise,Andrew,10398,35429,chinois,24 boxes x 2 pies,24,120,6,Meat,25,Ma Maison,3,Fast Logistics Co
Nouf abdulaziz alqadhaa ,Århus,Laura,10399,35430,Scottish Longbreads,10 boxes x 8 pieces,12.5,60,3,Dessert,8,"Specialty Biscuits, Ltd.",3,Fast Logistics Co
Nouf abdulaziz alqadhaa ,Århus,Laura,10399,35430,Fltemysost,10 - 500 g pkgs.,21.5,30,4,Dairy Products,15,Norske Meierier,3,Fast Logistics Co
Nouf abdulaziz alqadhaa ,Århus,Laura,10399,35430,Lakkaliri,500 ml,18,35,1,Drinks,23,Karkki Oy,3,Fast Logistics Co
Nouf abdulaziz alqadhaa ,Århus,Laura,10399,35430,Original Frankfurter,12 boxes,13,14,2,Spices,12,Plutzer Lebensmittelgro,3,Fast Logistics Co
Shaikhah Rasheed Alajmi,London,Nancy,10400,35431,Thringer Rostbratwurst,50 bags x 30 sausgs.,123.79,21,6,Meat,12,Plutzer Lebensmittelgro,3,Fast Logistics Co
Shaikhah Rasheed Alajmi,London,Nancy,10400,35431,Steeleye Stout,24 - 12 oz bottles,18,35,1,Drinks,16,Bigfoot Breweries,3,Fast Logistics Co
Shaikhah Rasheed Alajmi,London,Nancy,10400,35431,Maxilaku,24 - 50 g pkgs.,20,30,3,Dessert,23,Karkki Oy,3,Fast Logistics Co
Noura sabah alfahad,Albuquerque,Nancy,10401,35431,Nord-Ost Matjeshering,10 - 200 g glasses,25.89,18,8,Seafood,13,Nord-Ost-Fisch Handelsgesellschaft mbH,1,Al-Rashed
Noura sabah alfahad,Albuquerque,Nancy,10401,35431,Gnocchi di nonna Alice,24 - 250 g pkgs.,38,70,5,Grains/Cereals,26,Pasta Buttini s.r.l.,1,Al-Rashed
Noura sabah alfahad,Albuquerque,Nancy,10401,35431,Louisiana Fiery Hot Pepper Sauce,32 - 8 oz bottles,21.05,20,2,Spices,2,New Orleans Cajun Delights,1,Al-Rashed
Noura sabah alfahad,Albuquerque,Nancy,10401,35431,Fltemysost,10 - 500 g pkgs.,21.5,60,4,Dairy Products,15,Norske Meierier,1,Al-Rashed
Esraa Fadhel Alhemedi,Graz,Laura,10402,35432,Tunnbraaa,12 - 250 g pkgs.,9,60,5,Grains/Cereals,9,PB KnAB,2,Alghanim Group
Esraa Fadhel Alhemedi,Graz,Laura,10402,35432,Vegie-spread,15 - 625 g jars,43.9,65,2,Spices,7,"Pavlova, Ltd.",2,Alghanim Group
Esraa Fadhel Alhemedi,Graz,Margaret,10403,35433,Pavlova,32 - 500 g boxes,17.45,21,3,Dessert,7,"Pavlova, Ltd.",3,Fast Logistics Co
Esraa Fadhel Alhemedi,Graz,Margaret,10403,35433,Chocolade,10 pkgs.,12.75,70,3,Dessert,22,Zaanse Snoepfabriek,3,Fast Logistics Co
Fatma Salah Alwael,Bergamo,Andrew,10404,35433,Gumbr Gummibchen,100 - 250 g bags,31.23,30,3,Dessert,11,Heli  GmbH & Co. KG,1,Al-Rashed
Fatma Salah Alwael,Bergamo,Andrew,10404,35433,Singaporean Hokkien Fried Mee,32 - 1 kg pkgs.,14,40,5,Grains/Cereals,20,Leka Trading,1,Al-Rashed
Fatma Salah Alwael,Bergamo,Andrew,10404,35433,Maxilaku,24 - 50 g pkgs.,20,30,3,Dessert,23,Karkki Oy,1,Al-Rashed
Amal Saleh Al-Shammari,I. de Margarita,Nancy,10405,35436,Aniseed Syrup,12 - 550 ml bottles,10,50,2,Spices,1,Exotic Liquid,1,Al-Rashed
Fatemah Abdullah AlFailakawi,Saeo Paulo,Robert,10406,35437,Chais,10 boxes x 20 bags,18,10,1,Drinks,1,Exotic Liquid,1,Al-Rashed
Fatemah Abdullah AlFailakawi,Saeo Paulo,Robert,10406,35437,Sir Rodney's Scones,24 pkgs. x 4 pieces,10,30,3,Dessert,8,"Specialty Biscuits, Ltd.",1,Al-Rashed
Fatemah Abdullah AlFailakawi,Saeo Paulo,Robert,10406,35437,Rssle Sauerkraut,25 - 825 g cans,45.6,42,7,Fruits/Vegetables,12,Plutzer Lebensmittelgro,1,Al-Rashed
Fatemah Abdullah AlFailakawi,Saeo Paulo,Robert,10406,35437,Inlagd Sill,24 - 250 g jars,19,5,8,Seafood,17,Svensk  AB,1,Al-Rashed
Fatemah Abdullah AlFailakawi,Saeo Paulo,Robert,10406,35437,Boston Crab Meat,24 - 4 oz tins,18.4,2,8,Seafood,19,New England Seafood Cannery,1,Al-Rashed
Shaikhah Rasheed Alajmi,Köln,Andrew,10407,35437,Queso Cabrales,1 kg pkg.,21,30,4,Dairy Products,5,Cooperativa de Quesos 'Las Cabras',2,Alghanim Group
Shaikhah Rasheed Alajmi,Köln,Andrew,10407,35437,Gudbrandsdalsost,10 kg pkg.,36,15,4,Dairy Products,15,Norske Meierier,2,Alghanim Group
Shaikhah Rasheed Alajmi,Köln,Andrew,10407,35437,Fltemysost,10 - 500 g pkgs.,21.5,15,4,Dairy Products,15,Norske Meierier,2,Alghanim Group
Farah Mohammad Albaghli,Lille,Laura,10408,35438,Gravad lax,12 - 500 g pkgs.,26,10,8,Seafood,17,Svensk  AB,1,Al-Rashed
Farah Mohammad Albaghli,Lille,Laura,10408,35438,Tourtire,16 pies,7.45,6,6,Meat,25,Ma Maison,1,Al-Rashed
Farah Mohammad Albaghli,Lille,Laura,10408,35438,Tarte au sucre,48 pies,49.3,35,3,Dessert,29,Forrables,1,Al-Rashed
Dana Ahmad Alshammari,Buenos Aires,Janet,10409,35439,Tofu,40 - 100 g pkgs.,23.25,12,7,Fruits/Vegetables,6,Mayumi's,1,Al-Rashed
Dana Ahmad Alshammari,Buenos Aires,Janet,10409,35439,Sir Rodney's Scones,24 pkgs. x 4 pieces,10,12,3,Dessert,8,"Specialty Biscuits, Ltd.",1,Al-Rashed
ROSEBY JANE I. LIWANAG,Tsawassen,Janet,10410,35440,Geitost,500 g,2.5,49,4,Dairy Products,15,Norske Meierier,3,Fast Logistics Co
ROSEBY JANE I. LIWANAG,Tsawassen,Janet,10410,35440,Raclette Courdavault,5 kg pkg.,55,16,4,Dairy Products,28,Gai turage,3,Fast Logistics Co
ROSEBY JANE I. LIWANAG,Tsawassen,Anne,10411,35440,Jack's New England Clam Chowder,12 - 12 oz cans,9.65,25,8,Seafood,19,New England Seafood Cannery,3,Fast Logistics Co
ROSEBY JANE I. LIWANAG,Tsawassen,Anne,10411,35440,Gula Malacca,20 - 2 kg bags,19.45,40,2,Spices,20,Leka Trading,3,Fast Logistics Co
ROSEBY JANE I. LIWANAG,Tsawassen,Anne,10411,35440,Raclette Courdavault,5 kg pkg.,55,9,4,Dairy Products,28,Gai turage,3,Fast Logistics Co
Shaikhah Rasheed Alajmi,Oulu,Laura,10412,35443,Tofu,40 - 100 g pkgs.,23.25,20,7,Fruits/Vegetables,6,Mayumi's,2,Alghanim Group
Tahani Essa Alloughani,Toulouse,Janet,10413,35444,Chais,10 boxes x 20 bags,18,24,1,Drinks,1,Exotic Liquid,2,Alghanim Group
Tahani Essa Alloughani,Toulouse,Janet,10413,35444,Tarte au sucre,48 pies,49.3,40,3,Dessert,29,Forrables,2,Alghanim Group
Tahani Essa Alloughani,Toulouse,Janet,10413,35444,Lakkaliri,500 ml,18,14,1,Drinks,23,Karkki Oy,2,Alghanim Group
Hanaa Rushood AlRushood,Saeo Paulo,Andrew,10414,35444,Teatime Chocolate Biscuits,10 boxes x 12 pieces,9.2,18,3,Dessert,8,"Specialty Biscuits, Ltd.",3,Fast Logistics Co
Hanaa Rushood AlRushood,Saeo Paulo,Andrew,10414,35444,Geitost,500 g,2.5,50,4,Dairy Products,15,Norske Meierier,3,Fast Logistics Co
Abeer Farouk ABD Al Azeem ,Elgin,Janet,10415,35445,Alice Mutton,20 - 1 kg tins,39,2,6,Meat,7,"Pavlova, Ltd.",1,Al-Rashed
Abeer Farouk ABD Al Azeem ,Elgin,Janet,10415,35445,Geitost,500 g,2.5,20,4,Dairy Products,15,Norske Meierier,1,Al-Rashed
Shaikhah Rasheed Alajmi,Oulu,Laura,10416,35446,Teatime Chocolate Biscuits,10 boxes x 12 pieces,9.2,20,3,Dessert,8,"Specialty Biscuits, Ltd.",3,Fast Logistics Co
Shaikhah Rasheed Alajmi,Oulu,Laura,10416,35446,Perth Pasties,48 pieces,32.8,10,6,Meat,24,"G'day, Mate",3,Fast Logistics Co
Shaikhah Rasheed Alajmi,Oulu,Laura,10416,35446,Ravioli Angelo,24 - 250 g pkgs.,19.5,20,5,Grains/Cereals,26,Pasta Buttini s.r.l.,3,Fast Logistics Co
Mona Mohammad Alghayeb,Kbenhavn,Margaret,10417,35446,Cate de Blaye,12 - 75 cl bottles,263.5,50,1,Drinks,18,Aux joyeux,3,Fast Logistics Co
Mona Mohammad Alghayeb,Kbenhavn,Margaret,10417,35446,Spegesild,4 - 450 g glasses,12,2,8,Seafood,21,Lyngbysild,3,Fast Logistics Co
Mona Mohammad Alghayeb,Kbenhavn,Margaret,10417,35446,Scottish Longbreads,10 boxes x 8 pieces,12.5,36,3,Dessert,8,"Specialty Biscuits, Ltd.",3,Fast Logistics Co
Mona Mohammad Alghayeb,Kbenhavn,Margaret,10417,35446,Original Frankfurter,12 boxes,13,35,2,Spices,12,Plutzer Lebensmittelgro,3,Fast Logistics Co
Abdulla AL-Rashidi,Cunewalde,Margaret,10418,35447,Chang,24 - 12 oz bottles,19,60,1,Drinks,1,Exotic Liquid,1,Al-Rashed
Abdulla AL-Rashidi,Cunewalde,Margaret,10418,35447,Zaanse koeken,10 - 4 oz boxes,9.5,55,3,Dessert,22,Zaanse Snoepfabriek,1,Al-Rashed
Abdulla AL-Rashidi,Cunewalde,Margaret,10418,35447,Sirop rable,24 - 500 ml bottles,28.5,16,2,Spices,29,Forrables,1,Al-Rashed
Abdulla AL-Rashidi,Cunewalde,Margaret,10418,35447,Longlife Tofu,5 kg pkg.,10,15,7,Fruits/Vegetables,4,Tokyo Traders,1,Al-Rashed
Esraa Fadhel alhemedi,Genve,Margaret,10419,35450,Camembert Pierrot,15 - 300 g rounds,34,60,4,Dairy Products,28,Gai turage,2,Alghanim Group
Esraa Fadhel alhemedi,Genve,Margaret,10419,35450,Gudbrandsdalsost,10 kg pkg.,36,20,4,Dairy Products,15,Norske Meierier,2,Alghanim Group
Fahad Ali Awad,Resende,Janet,10420,35451,Mishi Kobe Niku,18 - 500 g pkgs.,97,20,6,Meat,4,Tokyo Traders,1,Al-Rashed
Fahad Ali Awad,Resende,Janet,10420,35451,Konbu,2 kg box,6,2,8,Seafood,6,Mayumi's,1,Al-Rashed
Fahad Ali Awad,Resende,Janet,10420,35451,Outback Lager,24 - 355 ml bottles,15,8,1,Drinks,7,"Pavlova, Ltd.",1,Al-Rashed
Fahad Ali Awad,Resende,Janet,10420,35451,Rd Kaviar,24 - 150 g jars,15,20,8,Seafood,17,Svensk  AB,1,Al-Rashed
Abrar Bader Alammar,Rio de Janeiro,Laura,10421,35451,Teatime Chocolate Biscuits,10 boxes x 12 pieces,9.2,4,3,Dessert,8,"Specialty Biscuits, Ltd.",1,Al-Rashed
Abrar Bader Alammar,Rio de Janeiro,Laura,10421,35451,Gumbr Gummibchen,100 - 250 g bags,31.23,30,3,Dessert,11,Heli  GmbH & Co. KG,1,Al-Rashed
Abrar Bader Alammar,Rio de Janeiro,Laura,10421,35451,Perth Pasties,48 pieces,32.8,15,6,Meat,24,"G'day, Mate",1,Al-Rashed
Abrar Bader Alammar,Rio de Janeiro,Laura,10421,35451,Original Frankfurter,12 boxes,13,10,2,Spices,12,Plutzer Lebensmittelgro,1,Al-Rashed
Eng. Mohammed Ahmed Alsaleem ,Torino,Andrew,10422,35452,Gumbr Gummibchen,100 - 250 g bags,31.23,2,3,Dessert,11,Heli  GmbH & Co. KG,1,Al-Rashed
Jamila reja alenezi,Campinas,Michael,10423,35453,Gorgonzola Telino,12 - 100 g pkgs,12.5,14,4,Dairy Products,14,Formaggi Fortini s.r.l.,3,Fast Logistics Co
Jamila reja alenezi,Campinas,Michael,10423,35453,Raclette Courdavault,5 kg pkg.,55,20,4,Dairy Products,28,Gai turage,3,Fast Logistics Co
Ayat Suliman Alhindeyani,Montreal,Robert,10424,35453,Steeleye Stout,24 - 12 oz bottles,18,60,1,Drinks,16,Bigfoot Breweries,2,Alghanim Group
Ayat Suliman Alhindeyani,Montreal,Robert,10424,35453,Cate de Blaye,12 - 75 cl bottles,263.5,49,1,Drinks,18,Aux joyeux,2,Alghanim Group
Ayat Suliman Alhindeyani,Montreal,Robert,10424,35453,Scottish Longbreads,10 boxes x 8 pieces,12.5,30,3,Dessert,8,"Specialty Biscuits, Ltd.",2,Alghanim Group
Tahani Essa Alloughani,Toulouse,Michael,10425,35454,chinois,24 boxes x 2 pies,24,10,6,Meat,25,Ma Maison,2,Alghanim Group
Tahani Essa Alloughani,Toulouse,Michael,10425,35454,Lakkaliri,500 ml,18,20,1,Drinks,23,Karkki Oy,2,Alghanim Group
Noha Saud Fayed,Barcelona,Margaret,10426,35457,Gnocchi di nonna Alice,24 - 250 g pkgs.,38,5,5,Grains/Cereals,26,Pasta Buttini s.r.l.,1,Al-Rashed
Noha Saud Fayed,Barcelona,Margaret,10426,35457,Wimmers gute Semmelkndel,20 bags x 4 pieces,33.25,7,5,Grains/Cereals,12,Plutzer Lebensmittelgro,1,Al-Rashed
Hessa Yousef Alwuhaib,Salzburg,Margaret,10427,35457,Tofu,40 - 100 g pkgs.,23.25,35,7,Fruits/Vegetables,6,Mayumi's,2,Alghanim Group
Fatmah Saleh Alhammadi,Reggio Emilia,Robert,10428,35458,Spegesild,4 - 450 g glasses,12,20,8,Seafood,21,Lyngbysild,1,Al-Rashed
Zeinab Mahmoud Ali rabea,Cork,Janet,10429,35459,Valkoinen suklaa,12 - 100 g bars,16.25,40,3,Dessert,23,Karkki Oy,2,Alghanim Group
Zeinab Mahmoud Ali rabea,Cork,Janet,10429,35459,Vegie-spread,15 - 625 g jars,43.9,35,2,Spices,7,"Pavlova, Ltd.",2,Alghanim Group
Esraa Fadhel Alhemedi,Graz,Margaret,10430,35460,Alice Mutton,20 - 1 kg tins,39,45,6,Meat,7,"Pavlova, Ltd.",1,Al-Rashed
Esraa Fadhel Alhemedi,Graz,Margaret,10430,35460,Sir Rodney's Scones,24 pkgs. x 4 pieces,10,50,3,Dessert,8,"Specialty Biscuits, Ltd.",1,Al-Rashed
Esraa Fadhel Alhemedi,Graz,Margaret,10430,35460,Gnocchi di nonna Alice,24 - 250 g pkgs.,38,30,5,Grains/Cereals,26,Pasta Buttini s.r.l.,1,Al-Rashed
Esraa Fadhel Alhemedi,Graz,Margaret,10430,35460,Raclette Courdavault,5 kg pkg.,55,70,4,Dairy Products,28,Gai turage,1,Al-Rashed
ROSEBY JANE I. LIWANAG,Tsawassen,Margaret,10431,35460,Alice Mutton,20 - 1 kg tins,39,50,6,Meat,7,"Pavlova, Ltd.",2,Alghanim Group
ROSEBY JANE I. LIWANAG,Tsawassen,Margaret,10431,35460,Boston Crab Meat,24 - 4 oz tins,18.4,50,8,Seafood,19,New England Seafood Cannery,2,Alghanim Group
ROSEBY JANE I. LIWANAG,Tsawassen,Margaret,10431,35460,Zaanse koeken,10 - 4 oz boxes,9.5,30,3,Dessert,22,Zaanse Snoepfabriek,2,Alghanim Group
Hanaa Rushood AlRushood,Lander,Janet,10432,35461,Gumbr Gummibchen,100 - 250 g bags,31.23,10,3,Dessert,11,Heli  GmbH & Co. KG,2,Alghanim Group
Hanaa Rushood AlRushood,Lander,Janet,10432,35461,Tourtire,16 pies,7.45,40,6,Meat,25,Ma Maison,2,Alghanim Group
Eng. Sundus Adel Hasan,Lisboa,Janet,10433,35464,Gnocchi di nonna Alice,24 - 250 g pkgs.,38,28,5,Grains/Cereals,26,Pasta Buttini s.r.l.,3,Fast Logistics Co
Sarah mishaal albaker ,Bracke,Janet,10434,35464,Queso Cabrales,1 kg pkg.,21,6,4,Dairy Products,5,Cooperativa de Quesos 'Las Cabras',2,Alghanim Group
Sarah mishaal albaker ,Bracke,Janet,10434,35464,Lakkaliri,500 ml,18,18,1,Drinks,23,Karkki Oy,2,Alghanim Group
Anwar fawzi alfaraj,London,Laura,10435,35465,Chang,24 - 12 oz bottles,19,10,1,Drinks,1,Exotic Liquid,2,Alghanim Group
Anwar fawzi alfaraj,London,Laura,10435,35465,Gusta,24 - 500 g pkgs.,21,12,5,Grains/Cereals,9,PB KnAB,2,Alghanim Group
Anwar fawzi alfaraj,London,Laura,10435,35465,Mozzarella di Giovanni,24 - 200 g pkgs.,34.8,10,4,Dairy Products,14,Formaggi Fortini s.r.l.,2,Alghanim Group
Omer Ali,Strasbourg,Janet,10436,35466,Spegesild,4 - 450 g glasses,12,5,8,Seafood,21,Lyngbysild,2,Alghanim Group
Omer Ali,Strasbourg,Janet,10436,35466,Gnocchi di nonna Alice,24 - 250 g pkgs.,38,40,5,Grains/Cereals,26,Pasta Buttini s.r.l.,2,Alghanim Group
Omer Ali,Strasbourg,Janet,10436,35466,Wimmers gute Semmelkndel,20 bags x 4 pieces,33.25,30,5,Grains/Cereals,12,Plutzer Lebensmittelgro,2,Alghanim Group
Omer Ali,Strasbourg,Janet,10436,35466,Rhu Klosterbier,24 - 0.5 l bottles,7.75,24,1,Drinks,12,Plutzer Lebensmittelgro,2,Alghanim Group
Shaikhah Rasheed Alajmi,Oulu,Laura,10437,35466,Perth Pasties,48 pieces,32.8,15,6,Meat,24,"G'day, Mate",1,Al-Rashed
Jasem Mohamd,Maunster,Janet,10438,35467,Teatime Chocolate Biscuits,10 boxes x 12 pieces,9.2,15,3,Dessert,8,"Specialty Biscuits, Ltd.",2,Alghanim Group
Jasem Mohamd,Maunster,Janet,10438,35467,Sasquatch Ale,24 - 12 oz bottles,14,20,1,Drinks,16,Bigfoot Breweries,2,Alghanim Group
Jasem Mohamd,Maunster,Janet,10438,35467,Ravioli Angelo,24 - 250 g pkgs.,19.5,15,5,Grains/Cereals,26,Pasta Buttini s.r.l.,2,Alghanim Group
Ayat Suliman Alhindeyani,Montreal,Michael,10439,35468,Queso Manchego La Pastora,10 - 500 g pkgs.,38,15,4,Dairy Products,5,Cooperativa de Quesos 'Las Cabras',3,Fast Logistics Co
Ayat Suliman Alhindeyani,Montreal,Michael,10439,35468,Pavlova,32 - 500 g boxes,17.45,16,3,Dessert,7,"Pavlova, Ltd.",3,Fast Logistics Co
Ayat Suliman Alhindeyani,Montreal,Michael,10439,35468,Wimmers gute Semmelkndel,20 bags x 4 pieces,33.25,6,5,Grains/Cereals,12,Plutzer Lebensmittelgro,3,Fast Logistics Co
Ayat Suliman Alhindeyani,Montreal,Michael,10439,35468,Longlife Tofu,5 kg pkg.,10,30,7,Fruits/Vegetables,4,Tokyo Traders,3,Fast Logistics Co
Talal Salman Alsharrah,Boise,Margaret,10440,35471,Chang,24 - 12 oz bottles,19,45,1,Drinks,1,Exotic Liquid,2,Alghanim Group
Talal Salman Alsharrah,Boise,Margaret,10440,35471,Pavlova,32 - 500 g boxes,17.45,49,3,Dessert,7,"Pavlova, Ltd.",2,Alghanim Group
Talal Salman Alsharrah,Boise,Margaret,10440,35471,Thringer Rostbratwurst,50 bags x 30 sausgs.,123.79,24,6,Meat,12,Plutzer Lebensmittelgro,2,Alghanim Group
Talal Salman Alsharrah,Boise,Margaret,10440,35471,Sirop rable,24 - 500 ml bottles,28.5,90,2,Spices,29,Forrables,2,Alghanim Group
Ali Odeh Elkhatib,Anchorage,Janet,10441,35471,Schoggi Schokolade,100 - 100 g pieces,43.9,50,3,Dessert,11,Heli  GmbH & Co. KG,2,Alghanim Group
Esraa Fadhel Alhemedi,Graz,Janet,10442,35472,Queso Cabrales,1 kg pkg.,21,30,4,Dairy Products,5,Cooperativa de Quesos 'Las Cabras',2,Alghanim Group
Esraa Fadhel Alhemedi,Graz,Janet,10442,35472,Tourtire,16 pies,7.45,80,6,Meat,25,Ma Maison,2,Alghanim Group
Esraa Fadhel Alhemedi,Graz,Janet,10442,35472,Louisiana Hot Spiced Okra,24 - 8 oz jars,17,60,2,Spices,2,New Orleans Cajun Delights,2,Alghanim Group
Fatmah Saleh Alhammadi,Reggio Emilia,Laura,10443,35473,Queso Cabrales,1 kg pkg.,21,6,4,Dairy Products,5,Cooperativa de Quesos 'Las Cabras',1,Al-Rashed
Fatmah Saleh Alhammadi,Reggio Emilia,Laura,10443,35473,Rssle Sauerkraut,25 - 825 g cans,45.6,12,7,Fruits/Vegetables,12,Plutzer Lebensmittelgro,1,Al-Rashed
